customer_id,total_orders
2,16
3,14
5,10
9,9
16,8
19,12
22,6
23,13
26,7
27,12
28,10
30,8
33,8
36,11
43,10
48,7
49,3
50,11
51,15
53,10
62,4
66,8
67,9
68,6
72,12
73,7
76,12
80,5
81,9
82,10
83,14
86,7
88,15
89,7
91,6
92,10
96,9
97,6
98,8
106,13
113,9
114,12
117,10
119,9
122,10
123,6
124,7
128,4
134,14
141,11
142,12
143,9
144,9
145,11
148,6
149,6
150,10
157,10
160,13
162,14
163,9
164,10
165,8
167,10
169,13
175,15
183,8
188,9
190,8
191,7
193,8
195,10
196,15
198,10
200,9
205,8
211,13
212,14
215,12
221,14
225,12
227,14
230,12
231,6
238,9
240,12
243,10
244,8
249,8
251,7
253,12
257,8
258,8
261,9
262,5
263,13
265,6
266,10
269,9
271,11
275,13
279,8
283,8
284,9
285,4
286,13
290,8
293,11
294,7
297,12
298,11
299,6
300,9
309,9
323,9
326,11
336,9
337,10
339,9
340,12
342,8
344,17
354,9
359,9
364,12
365,6
367,11
368,7
371,12
372,9
373,11
376,11
386,10
394,7
396,14
397,9
398,10
401,7
405,7
408,14
413,8
414,5
417,10
418,13
420,9
422,9
425,7
431,13
432,7
433,7
435,7
436,14
441,6
442,9
446,10
447,12
451,7
452,16
456,15
458,9
463,5
465,10
466,14
473,8
483,4
485,11
486,10
488,8
490,11
506,3
510,8
514,8
517,4
518,10
519,6
523,5
525,9
526,17
527,7
530,7
532,7
533,10
534,11
538,14
539,8
546,11
547,9
549,11
550,12
554,10
557,16
564,9
566,11
569,9
573,3
576,13
579,10
590,10
591,6
593,12
598,8
603,10
606,11
607,10
609,12
612,9
615,11
618,7
619,9
621,8
626,15
631,9
632,11
634,4
643,10
648,16
650,6
652,11
656,14
662,9
664,6
670,13
672,7
678,10
682,9
683,4
684,7
690,8
697,10
707,13
710,4
711,11
712,12
713,10
714,8
716,12
718,10
730,7
734,10
739,7
740,10
749,13
751,14
752,10
753,14
755,10
756,5
758,8
759,3
764,10
767,7
778,5
780,11
786,9
788,12
789,16
790,13
791,8
794,12
796,6
803,9
806,13
808,6
811,11
816,11
817,13
818,10
820,14
828,8
829,6
833,8
837,10
839,8
842,6
847,13
849,9
857,10
863,13
867,14
869,10
871,9
874,16
878,9
882,11
884,12
887,10
891,7
892,12
895,15
902,12
903,7
904,8
906,11
913,9
921,15
927,9
928,11
937,17
940,10
942,6
944,13
945,14
948,12
957,15
958,15
961,9
962,9
966,8
969,7
970,10
974,8
975,10
990,11
994,10
997,5
999,8
1000,13
1004,13
1007,11
1010,8
1016,10
1019,8
1021,11
1025,9
1031,8
1033,7
1034,11
1037,9
1038,11
1045,10
1046,13
1047,9
1051,3
1053,4
1057,11
1060,9
1062,7
1065,7
1066,10
1068,10
1072,11
1073,9
1077,5
1079,8
1081,9
1082,8
1085,6
1087,12
1090,12
1091,9
1095,17
1098,8
1100,7
1101,12
1107,6
1111,6
1113,11
1118,8
1122,10
1127,11
1133,6
1134,10
1155,7
1156,13
1171,13
1177,11
1183,10
1184,6
1191,13
1194,9
1197,8
1201,8
1202,13
1203,6
1207,15
1214,13
1216,10
1218,12
1220,7
1222,11
1223,6
1225,11
1228,12
1230,13
1232,11
1234,16
1236,9
1237,7
1250,12
1260,7
1261,7
1267,9
1276,7
1278,9
1279,11
1290,7
1291,14
1297,9
1299,14
1303,7
1304,12
1308,10
1309,8
1312,11
1313,10
1322,12
1328,7
1334,14
1335,12
1340,8
1341,5
1342,9
1343,12
1344,7
1345,4
1346,12
1349,10
1350,5
1352,7
1359,11
1361,10
1366,14
1368,11
1372,4
1373,10
1378,9
1379,10
1385,9
1394,9
1395,9
1396,11
1400,13
1401,8
1404,9
1409,14
1417,11
1420,8
1429,2
1432,8
1436,8
1437,12
1438,8
1440,13
1443,13
1450,11
1452,9
1462,12
1464,10
1465,9
1466,14
1469,8
1470,7
1474,8
1475,12
1478,7
1480,9
1482,9
1486,8
1488,10
1493,14
1494,9
1497,8
1511,15
1512,11
1513,8
1514,8
1515,10
1520,7
1523,5
1525,13
1528,9
1530,10
1532,12
1533,8
1537,12
1542,13
1543,13
1547,7
1548,6
1552,10
1555,9
1558,9
1559,6
1565,11
1566,9
1567,17
1570,6
1571,12
1575,12
1576,10
1587,11
1589,13
1590,12
1598,11
1599,8
1600,10
1601,4
1606,15
1611,9
1612,12
1613,16
1616,9
1618,10
1622,13
1624,7
1627,11
1628,14
1629,8
1632,12
1633,11
1635,8
1636,20
1637,10
1641,5
1651,10
1655,6
1658,11
1662,12
1670,13
1675,15
1676,9
1679,8
1685,9
1688,9
1691,8
1692,6
1697,9
1698,14
1699,7
1702,9
1704,6
1705,11
1714,9
1715,12
1716,2
1718,9
1720,11
1722,12
1725,8
1728,6
1730,10
1733,10
1751,11
1752,8
1755,7
1756,10
1758,9
1762,8
1769,5
1778,7
1780,9
1783,10
1784,11
1787,6
1796,13
1799,10
1801,10
1805,12
1812,8
1819,7
1823,18
1826,14
1829,10
1838,5
1839,13
1845,5
1850,6
1851,11
1856,15
1859,10
1862,18
1864,8
1869,5
1874,12
1875,8
1879,10
1884,15
1886,14
1887,10
1890,19
1894,10
1895,9
1897,12
1904,14
1905,12
1907,10
1908,14
1913,8
1915,11
1920,10
1923,14
1924,8
1926,10
1927,10
1930,11
1932,18
1934,14
1941,18
1944,7
1945,11
1946,9
1947,9
1950,10
1953,18
1955,10
1959,5
1960,9
1962,10
1964,10
1967,9
1970,13
1985,10
1986,9
1992,13
1995,8
2000,11
2002,11
2006,4
2007,7
2008,12
2010,9
2012,10
2014,10
2015,9
2025,12
2027,15
2035,6
2036,10
2054,11
2057,7
2058,11
2061,13
2064,13
2072,12
2075,11
2079,4
2082,12
2083,19
2085,14
2086,12
2091,7
2094,5
2095,12
2097,9
2099,9
2105,15
2110,7
2111,10
2113,11
2120,12
2122,15
2124,7
2128,8
2129,6
2131,10
2135,14
2139,9
2144,9
2149,11
2150,16
2152,16
2153,6
2162,8
2167,9
2170,13
2173,11
2174,14
2176,13
2177,11
2179,6
2180,14
2181,10
2185,10
2186,9
2188,9
2189,10
2193,13
2195,2
2199,11
2201,10
2204,8
2207,12
2208,8
2209,5
2222,11
2224,12
2233,11
2246,14
2252,13
2255,10
2256,6
2261,7
2265,8
2267,9
2269,7
2270,13
2276,11
2277,10
2282,15
2285,5
2286,10
2293,8
2299,14
2314,5
2318,6
2326,10
2327,10
2328,4
2332,8
2337,14
2338,7
2342,11
2346,8
2347,11
2349,9
2352,9
2353,8
2358,11
2359,4
2363,10
2365,16
2371,11
2372,10
2374,11
2378,9
2382,13
2386,11
2391,12
2397,11
2399,11
2400,8
2402,10
2405,11
2406,7
2407,14
2414,11
2415,9
2417,15
2422,8
2428,10
2431,10
2446,10
2447,9
2448,8
2454,7
2458,12
2460,21
2461,12
2466,3
2467,9
2469,11
2471,7
2472,9
2473,11
2475,15
2486,13
2489,8
2490,14
2491,10
2492,7
2494,11
2495,11
2498,9
2502,13
2507,9
2510,5
2517,15
2519,4
2520,11
2521,16
2523,8
2525,12
2529,10
2530,10
2536,11
2537,8
2538,11
2544,19
2545,17
2548,7
2549,18
2550,9
2555,10
2565,5
2569,4
2571,13
2574,8
2578,10
2579,9
2581,13
2585,6
2591,16
2594,15
2598,15
2601,16
2604,7
2610,7
2612,7
2617,7
2619,10
2620,12
2622,8
2625,18
2627,6
2630,6
2631,6
2633,5
2635,8
2638,4
2639,9
2648,11
2649,5
2652,9
2654,9
2660,11
2662,13
2664,10
2665,7
2669,11
2681,11
2686,4
2689,8
2690,10
2694,11
2698,12
2699,4
2701,5
2706,8
2708,4
2714,9
2715,12
2718,5
2720,16
2721,7
2724,4
2730,8
2733,10
2734,13
2742,9
2743,11
2744,6
2746,6
2747,9
2748,8
2755,11
2756,13
2763,10
2766,6
2771,11
2772,10
2774,13
2778,11
2780,10
2786,10
2788,9
2792,9
2802,13
2806,7
2811,8
2812,7
2814,12
2817,3
2819,10
2824,15
2830,10
2832,3
2833,8
2836,13
2844,4
2846,7
2847,15
2851,10
2852,10
2855,11
2856,10
2858,8
2868,9
2875,6
2877,13
2882,7
2888,10
2890,8
2891,18
2892,5
2893,11
2896,13
2897,12
2898,10
2901,9
2904,9
2906,14
2907,11
2908,11
2910,7
2911,12
2925,2
2928,9
2930,10
2944,11
2950,11
2954,14
2955,13
2959,9
2960,13
2964,8
2965,7
2967,10
2968,10
2971,13
2972,11
2978,12
2987,14
2989,14
2992,5
2995,8
3003,14
3005,10
3011,3
3016,14
3018,7
3019,12
3024,7
3037,5
3041,11
3042,14
3044,12
3045,13
3046,7
3047,7
3048,7
3053,7
3056,12
3057,10
3059,14
3061,6
3062,16
3067,8
3068,10
3069,6
3073,11
3074,9
3075,9
3076,6
3077,8
3078,9
3079,10
3082,18
3083,13
3084,9
3085,6
3087,13
3088,11
3089,16
3102,5
3104,11
3106,6
3111,7
3121,11
3122,9
3127,5
3128,9
3129,7
3130,8
3132,6
3133,10
3135,13
3141,12
3144,6
3145,8
3147,11
3150,13
3152,11
3154,7
3155,10
3158,14
3171,13
3177,6
3181,8
3182,11
3189,13
3190,4
3201,12
3202,13
3203,13
3204,9
3205,10
3210,19
3221,10
3224,12
3226,7
3229,16
3233,6
3241,8
3243,12
3249,15
3251,15
3259,10
3267,9
3268,12
3270,9
3271,6
3273,6
3274,8
3276,11
3279,13
3280,8
3282,9
3286,12
3287,14
3289,8
3290,9
3294,15
3295,16
3296,11
3305,16
3311,10
3319,6
3324,11
3327,9
3328,9
3330,18
3332,11
3335,6
3336,13
3338,12
3343,10
3352,17
3353,15
3354,10
3356,17
3360,11
3361,13
3363,10
3366,5
3369,4
3370,4
3372,10
3374,9
3375,5
3377,7
3379,8
3384,2
3385,13
3387,6
3394,12
3400,9
3403,6
3404,4
3405,10
3415,9
3419,5
3422,6
3423,8
3424,14
3429,13
3430,9
3437,7
3440,5
3443,12
3449,7
3469,11
3470,10
3473,14
3475,4
3480,6
3482,12
3483,7
3484,9
3488,15
3489,3
3490,11
3491,13
3492,8
3494,8
3497,14
3509,11
3513,9
3521,9
3527,6
3528,7
3533,14
3540,11
3549,9
3550,16
3563,4
3565,7
3568,11
3584,8
3587,17
3589,7
3596,9
3598,8
3600,11
3603,12
3605,9
3606,6
3609,8
3611,12
3612,8
3613,17
3617,12
3620,9
3625,18
3631,9
3634,11
3636,15
3638,16
3644,16
3645,15
3648,9
3652,11
3656,9
3657,13
3659,12
3660,14
3674,18
3681,11
3689,8
3693,14
3697,7
3698,7
3702,14
3708,14
3720,10
3723,11
3726,14
3727,10
3730,6
3731,16
3732,7
3733,13
3735,13
3737,11
3741,7
3743,7
3746,14
3750,11
3751,7
3753,10
3754,10
3758,10
3759,9
3765,11
3766,13
3782,16
3784,10
3796,10
3800,8
3802,16
3809,8
3812,13
3820,12
3826,18
3833,12
3842,10
3850,13
3853,8
3856,11
3861,3
3863,12
3864,9
3865,11
3868,4
3874,5
3876,12
3881,15
3884,13
3890,12
3895,12
3898,11
3899,13
3901,12
3902,10
3907,12
3910,5
3911,7
3922,7
3933,10
3934,14
3941,11
3942,8
3943,6
3948,10
3950,14
3955,9
3958,10
3961,9
3966,6
3969,11
3974,4
3979,7
3982,6
3984,15
3989,11
3998,16
3999,8
4001,8
4002,9
4009,9
4013,9
4014,9
4020,10
4033,10
4034,10
4035,8
4042,13
4047,7
4053,8
4065,10
4066,6
4072,11
4074,10
4075,10
4076,11
4080,11
4083,7
4090,12
4096,7
4097,5
4098,7
4099,13
4100,7
4105,12
4107,7
4109,12
4111,7
4122,11
4127,10
4130,11
4131,9
4132,10
4136,6
4137,5
4138,9
4140,6
4142,10
4146,10
4156,13
4157,10
4161,13
4166,7
4168,7
4169,4
4171,8
4180,9
4183,9
4194,8
4195,9
4198,10
4200,10
4201,7
4203,12
4204,14
4210,17
4212,8
4217,12
4219,6
4220,15
4221,12
4222,9
4223,18
4224,18
4226,11
4232,14
4236,7
4239,12
4241,7
4244,6
4248,8
4252,10
4254,12
4262,11
4265,9
4268,9
4276,4
4285,11
4287,12
4291,8
4293,10
4294,12
4296,10
4301,8
4303,8
4305,8
4316,11
4319,11
4320,12
4321,9
4324,12
4327,7
4331,12
4334,10
4335,10
4339,8
4340,15
4343,6
4346,17
4347,6
4348,6
4352,10
4357,12
4360,9
4361,10
4364,12
4367,10
4371,8
4374,8
4375,11
4376,9
4377,9
4380,10
4385,19
4388,10
4390,10
4391,10
4392,12
4399,15
4404,9
4405,8
4407,14
4409,11
4415,7
4418,5
4421,11
4422,12
4423,13
4432,6
4433,11
4436,12
4438,10
4440,9
4443,9
4444,5
4445,9
4447,8
4448,13
4454,8
4458,10
4460,9
4469,7
4478,11
4479,2
4480,12
4484,10
4487,16
4488,10
4492,12
4493,7
4497,13
4504,14
4505,10
4509,10
4513,8
4515,10
4518,11
4524,9
4525,13
4526,15
4532,4
4533,13
4534,11
4536,9
4538,12
4545,13
4546,11
4547,14
4550,5
4552,8
4553,18
4555,13
4558,5
4560,8
4564,8
4565,12
4570,13
4572,13
4573,9
4574,10
4577,10
4581,12
4582,9
4583,10
4585,15
4586,9
4588,7
4592,11
4595,9
4599,10
4600,13
4601,12
4608,12
4609,7
4610,19
4611,6
4612,9
4615,9
4616,11
4629,9
4630,9
4631,8
4632,14
4633,5
4634,11
4639,12
4643,10
4646,20
4649,7
4650,6
4651,12
4653,13
4654,10
4658,6
4661,5
4673,7
4674,16
4675,7
4679,8
4681,12
4684,14
4686,10
4692,9
4693,10
4694,8
4705,9
4708,13
4710,10
4716,6
4718,7
4720,12
4724,13
4732,6
4733,9
4735,6
4738,12
4744,15
4745,9
4751,10
4757,17
4760,6
4768,15
4771,6
4772,14
4773,9
4777,8
4782,11
4785,8
4791,8
4792,9
4793,8
4799,16
4803,10
4805,9
4807,9
4808,7
4809,9
4811,8
4813,9
4820,10
4821,17
4822,12
4823,9
4825,12
4826,14
4827,7
4829,7
4831,9
4853,11
4867,16
4876,7
4877,8
4880,6
4883,6
4888,13
4891,7
4894,10
4896,8
4902,7
4903,21
4907,15
4913,8
4914,16
4916,8
4923,14
4925,12
4933,17
4934,15
4940,8
4946,11
4953,12
4954,12
4956,13
4959,9
4961,15
4965,12
4966,6
4967,2
4969,8
4970,16
4973,12
4979,9
4989,9
4990,12
4991,9
4992,10
4994,7
5004,10
5006,6
5009,15
5012,13
5019,19
5020,11
5021,7
5025,9
5027,2
5032,10
5033,16
5043,16
5044,8
5046,11
5050,11
5051,7
5052,11
5055,12
5057,17
5069,14
5071,8
5072,9
5080,7
5087,6
5089,15
5090,6
5092,7
5097,11
5098,14
5100,10
5105,10
5108,8
5110,7
5114,7
5115,11
5119,10
5121,9
5128,5
5134,11
5136,11
5138,12
5141,17
5142,11
5143,19
5144,7
5145,9
5156,12
5160,12
5164,9
5165,7
5168,8
5169,13
5175,6
5176,7
5178,9
5180,8
5188,8
5189,13
5199,15
5201,12
5204,7
5206,13
5208,6
5210,12
5211,5
5213,7
5216,7
5218,7
5219,7
5222,15
5225,5
5233,10
5235,7
5236,7
5238,10
5240,8
5244,11
5245,6
5246,13
5247,8
5249,7
5254,14
5267,13
5284,13
5287,12
5291,8
5292,16
5294,12
5295,10
5296,5
5299,6
5300,9
5311,13
5314,9
5316,8
5319,10
5322,15
5326,12
5337,10
5342,14
5345,8
5349,8
5353,6
5354,7
5364,12
5370,13
5373,11
5377,11
5381,10
5387,8
5389,12
5392,5
5394,13
5397,9
5398,10
5399,10
5404,7
5413,11
5414,7
5418,7
5424,9
5426,9
5427,8
5432,12
5433,14
5436,12
5437,5
5438,9
5442,13
5447,15
5453,10
5455,11
5456,8
5463,9
5466,11
5468,13
5470,14
5471,6
5473,10
5480,6
5486,12
5494,9
5495,10
5498,11
5499,11
5500,8
5501,8
5502,15
5506,11
5510,8
5511,3
5512,10
5513,8
5515,6
5516,13
5522,11
5525,10
5528,11
5531,11
5539,13
5540,6
5544,9
5549,10
5554,12
5556,11
5557,10
5559,7
5565,12
5574,10
5576,12
5579,9
5582,12
5584,8
5587,8
5594,9
5595,7
5598,9
5601,9
5612,10
5620,14
5624,13
5625,10
5628,5
5629,10
5630,16
5633,13
5640,7
5641,5
5644,14
5651,6
5654,14
5655,14
5657,12
5658,14
5662,6
5668,5
5671,15
5677,12
5678,12
5680,10
5681,7
5682,14
5685,16
5686,12
5696,11
5697,12
5698,12
5699,9
5706,9
5708,17
5712,10
5715,10
5719,7
5726,8
5731,15
5735,7
5737,7
5739,9
5741,8
5742,10
5744,6
5749,7
5751,9
5758,10
5759,10
5762,5
5765,9
5770,9
5771,7
5787,7
5790,7
5794,3
5795,13
5798,11
5811,14
5812,8
5819,5
5821,5
5823,12
5827,14
5828,14
5831,14
5833,10
5840,7
5854,13
5855,3
5858,11
5863,13
5869,13
5872,6
5873,12
5874,16
5877,11
5882,14
5887,11
5889,6
5892,13
5900,11
5901,18
5905,9
5907,7
5908,12
5909,12
5910,9
5912,11
5914,13
5917,16
5922,5
5925,8
5929,12
5930,11
5931,6
5936,6
5937,13
5939,8
5941,12
5949,17
5958,12
5962,10
5971,8
5973,11
5974,7
5976,9
5977,12
5979,12
5985,7
5986,16
5987,9
5989,8
5998,15
6000,1
6003,7
6009,10
6010,9
6015,7
6016,11
6018,13
6020,13
6022,8
6023,10
6024,10
6025,9
6026,8
6028,10
6029,8
6032,11
6036,15
6037,9
6038,10
6040,11
6042,13
6047,9
6051,11
6052,9
6054,11
6056,11
6057,14
6061,7
6062,13
6063,17
6066,9
6080,9
6081,7
6083,6
6085,9
6087,5
6093,2
6095,13
6097,11
6101,15
6104,10
6111,18
6114,10
6117,9
6122,8
6123,8
6125,8
6134,14
6137,8
6138,13
6145,10
6154,11
6155,6
6157,6
6158,12
6160,8
6164,11
6167,11
6176,9
6178,11
6181,11
6184,7
6187,13
6190,6
6195,10
6196,11
6198,14
6213,14
6215,8
6220,9
6222,8
6235,12
6241,9
6256,18
6257,7
6258,10
6259,15
6261,8
6266,11
6268,11
6270,10
6271,13
6281,12
6287,12
6288,5
6295,8
6296,14
6298,10
6305,10
6306,7
6307,11
6309,7
6310,14
6311,14
6312,6
6316,9
6318,9
6327,7
6328,10
6331,13
6335,10
6337,12
6338,6
6340,8
6342,5
6343,10
6346,4
6357,10
6358,10
6360,5
6363,8
6364,11
6365,8
6367,12
6368,13
6372,11
6373,12
6378,6
6380,9
6381,6
6383,11
6384,11
6398,5
6409,8
6410,4
6416,15
6417,8
6419,10
6426,9
6428,11
6429,3
6432,10
6435,5
6438,6
6439,12
6440,13
6441,13
6444,20
6446,7
6447,8
6455,12
6458,12
6459,7
6460,8
6472,12
6475,10
6484,6
6486,9
6488,15
6491,12
6493,10
6496,8
6498,13
6502,10
6503,10
6509,9
6523,11
6528,8
6542,11
6544,16
6545,14
6547,8
6550,19
6552,8
6555,8
6556,6
6557,5
6558,7
6559,13
6563,9
6564,12
6569,3
6573,10
6576,8
6579,6
6580,7
6595,17
6596,7
6598,11
6600,13
6602,8
6606,9
6610,11
6611,10
6618,13
6633,11
6637,17
6638,9
6646,10
6650,11
6656,13
6657,14
6662,12
6665,6
6670,10
6671,7
6672,7
6676,8
6677,10
6678,10
6685,11
6688,9
6689,10
6692,12
6693,8
6697,15
6699,9
6701,12
6702,20
6705,9
6706,13
6711,11
6719,16
6722,13
6726,5
6730,8
6731,7
6735,10
6737,14
6741,11
6744,14
6749,12
6751,9
6755,10
6757,10
6758,15
6759,13
6760,7
6769,19
6772,10
6778,10
6784,10
6789,12
6790,17
6793,7
6794,15
6796,9
6799,10
6801,7
6805,12
6806,14
6808,7
6813,5
6815,9
6816,12
6817,12
6821,14
6823,4
6825,11
6826,9
6829,6
6830,11
6832,6
6838,9
6839,12
6841,8
6845,11
6847,11
6848,6
6849,10
6851,12
6855,7
6857,11
6866,9
6871,13
6873,11
6875,14
6878,9
6879,11
6881,13
6883,15
6884,6
6885,11
6886,16
6890,10
6892,9
6893,7
6898,12
6909,10
6914,8
6923,12
6924,12
6926,11
6936,4
6950,15
6953,11
6956,7
6961,17
6964,16
6967,11
6970,8
6977,11
6982,11
6984,7
6987,8
6993,10
6995,11
6999,7
7001,10
7002,8
7006,11
7013,9
7023,13
7035,9
7039,17
7042,12
7044,7
7045,8
7047,15
7050,10
7051,9
7053,12
7056,10
7057,13
7060,9
7062,12
7066,10
7072,8
7073,8
7080,12
7081,4
7086,14
7088,9
7089,11
7090,14
7093,6
7094,10
7095,14
7097,9
7098,7
7101,7
7102,12
7103,9
7112,9
7113,9
7118,6
7119,7
7125,8
7128,10
7129,13
7130,20
7132,11
7135,10
7137,12
7138,5
7141,13
7142,11
7145,9
7150,18
7155,8
7157,9
7158,5
7159,16
7165,5
7169,13
7170,7
7172,7
7176,8
7177,11
7182,13
7183,8
7191,12
7197,9
7200,8
7202,4
7204,13
7206,7
7207,9
7208,16
7212,2
7215,13
7219,3
7220,3
7221,8
7222,5
7228,8
7229,7
7230,8
7231,10
7232,5
7233,10
7234,9
7239,13
7244,13
7247,10
7252,9
7263,13
7268,12
7269,4
7272,12
7274,10
7275,11
7279,8
7281,7
7282,11
7283,6
7284,6
7285,9
7286,16
7287,9
7289,7
7291,7
7296,10
7297,10
7300,19
7302,9
7306,11
7310,9
7316,12
7317,7
7319,13
7322,13
7323,10
7328,12
7333,13
7334,13
7335,12
7336,11
7337,11
7341,10
7347,7
7360,7
7369,19
7370,7
7374,6
7378,7
7379,12
7383,14
7386,9
7389,7
7391,8
7395,4
7396,10
7398,11
7402,15
7404,12
7407,13
7414,11
7418,9
7420,12
7427,7
7431,8
7433,5
7436,9
7438,13
7439,16
7441,8
7443,5
7448,4
7450,9
7451,9
7457,9
7466,6
7468,11
7469,10
7470,11
7471,19
7472,11
7477,12
7480,11
7490,7
7491,6
7493,8
7494,8
7495,7
7499,8
7507,6
7509,13
7515,6
7516,10
7522,9
7540,8
7541,7
7543,12
7546,12
7550,10
7553,13
7558,7
7564,8
7569,7
7572,10
7579,10
7581,15
7584,6
7588,11
7590,8
7593,10
7599,7
7603,5
7604,15
7606,8
7607,12
7608,11
7620,9
7623,7
7625,14
7628,15
7633,11
7644,12
7646,9
7647,11
7648,7
7649,11
7653,4
7659,8
7660,19
7663,8
7670,6
7679,17
7682,9
7683,10
7684,12
7686,13
7691,9
7692,6
7694,17
7697,8
7702,9
7703,13
7711,6
7720,9
7735,11
7738,6
7740,7
7742,9
7744,6
7746,7
7750,6
7758,9
7759,7
7775,11
7779,14
7780,7
7782,13
7784,11
7785,8
7786,13
7788,12
7791,11
7792,12
7793,9
7801,13
7804,10
7806,15
7809,8
7810,4
7817,9
7822,4
7827,16
7829,9
7832,12
7837,13
7839,10
7844,11
7846,10
7850,6
7866,10
7867,9
7868,9
7873,13
7876,7
7878,9
7881,12
7882,7
7884,12
7888,8
7889,5
7897,9
7904,8
7905,18
7910,14
7912,11
7919,12
7920,12
7925,14
7926,11
7927,8
7929,8
7930,8
7931,9
7933,11
7936,13
7940,10
7942,13
7945,9
7946,9
7947,11
7950,8
7952,12
7954,9
7959,17
7964,7
7965,15
7970,15
7971,12
7972,16
7973,5
7980,11
7982,3
7984,10
7986,10
7991,14
7992,6
7997,6
8001,20
8008,11
8009,12
8012,9
8013,8
8014,7
8016,9
8017,9
8018,8
8019,8
8023,15
8024,11
8029,6
8030,15
8031,11
8032,13
8034,5
8038,8
8039,7
8040,14
8044,14
8046,4
8047,10
8048,7
8049,16
8050,12
8051,4
8056,8
8057,13
8058,6
8061,9
8062,11
8064,15
8068,5
8070,14
8071,7
8072,8
8073,15
8076,13
8081,15
8091,6
8095,12
8096,12
8103,5
8109,4
8111,9
8124,11
8125,5
8126,14
8133,11
8148,10
8151,13
8152,10
8156,10
8157,15
8163,11
8167,15
8172,8
8175,11
8176,11
8187,4
8188,22
8190,10
8194,13
8198,9
8201,12
8210,9
8212,19
8224,17
8226,5
8227,6
8232,8
8236,11
8237,11
8241,13
8246,7
8248,19
8252,12
8254,6
8256,9
8259,10
8263,10
8267,14
8278,13
8281,13
8293,11
8295,12
8296,6
8297,11
8300,7
8302,5
8303,9
8315,14
8317,8
8325,6
8326,11
8329,14
8333,9
8336,9
8337,12
8339,6
8342,4
8343,9
8346,13
8349,11
8350,9
8358,13
8361,5
8366,9
8368,8
8370,10
8374,10
8375,8
8378,11
8380,7
8382,12
8383,8
8384,12
8390,7
8392,7
8401,11
8402,13
8403,12
8408,14
8412,10
8421,9
8428,12
8430,8
8433,10
8434,13
8435,12
8440,14
8442,12
8444,4
8448,10
8449,9
8450,11
8460,15
8461,10
8462,9
8464,5
8467,11
8470,14
8475,5
8480,13
8487,8
8489,6
8490,5
8491,8
8503,7
8505,5
8506,5
8507,9
8508,10
8509,14
8511,13
8514,7
8521,8
8524,14
8526,6
8528,9
8539,14
8542,13
8543,14
8544,11
8545,11
8548,5
8551,7
8554,6
8557,11
8558,12
8560,9
8571,15
8574,12
8575,9
8581,8
8582,12
8583,11
8591,4
8594,12
8595,7
8598,7
8599,14
8601,10
8602,12
8607,15
8609,9
8613,5
8628,10
8629,11
8631,7
8632,11
8635,6
8637,12
8640,7
8642,8
8646,15
8647,15
8658,13
8659,9
8661,14
8670,8
8677,13
8678,13
8683,8
8689,14
8694,10
8695,8
8696,8
8705,9
8716,13
8717,11
8721,8
8724,10
8725,9
8736,15
8737,10
8746,10
8749,10
8750,19
8755,10
8758,13
8760,6
8766,7
8767,4
8770,12
8771,14
8772,13
8774,8
8775,17
8780,12
8782,15
8789,8
8790,10
8796,16
8797,9
8801,10
8803,12
8804,9
8806,10
8809,9
8815,7
8819,6
8820,21
8825,8
8826,11
8827,16
8830,15
8836,12
8839,13
8840,12
8853,12
8855,10
8856,10
8857,11
8858,10
8860,9
8864,10
8872,17
8874,7
8878,10
8880,11
8881,11
8883,9
8889,6
8893,13
8895,11
8899,10
8910,6
8911,5
8912,8
8913,10
8917,11
8919,12
8920,9
8923,8
8924,7
8932,8
8934,5
8937,12
8938,3
8944,7
8951,11
8958,11
8961,13
8963,6
8967,8
8974,11
8975,10
8976,15
8978,13
8981,10
8984,8
8990,9
8993,10
8994,10
8997,14
8998,8
8999,16
9004,13
9005,10
9008,15
9010,10
9014,14
9015,6
9019,10
9031,11
9032,10
9034,6
9038,5
9042,13
9044,8
9045,6
9047,13
9052,15
9054,6
9059,11
9067,14
9068,10
9080,9
9088,5
9092,10
9095,9
9096,9
9101,13
9102,13
9103,8
9105,15
9106,12
9108,7
9109,8
9118,16
9120,8
9123,9
9125,10
9127,9
9128,5
9131,7
9132,7
9133,9
9140,5
9148,18
9157,11
9159,12
9160,9
9164,13
9169,18
9173,10
9174,14
9181,6
9187,8
9188,11
9189,11
9190,13
9194,11
9196,5
9197,16
9198,13
9199,14
9201,11
9202,10
9204,4
9208,14
9215,15
9217,7
9221,11
9223,11
9225,8
9226,7
9234,10
9236,10
9241,7
9242,11
9244,5
9246,13
9250,9
9251,5
9252,12
9257,5
9265,13
9271,15
9274,8
9278,6
9284,10
9286,3
9287,9
9288,9
9295,9
9296,13
9297,8
9304,11
9305,11
9309,10
9315,9
9316,16
9318,6
9322,10
9323,14
9333,7
9334,6
9335,6
9340,9
9341,8
9347,13
9348,12
9350,7
9353,12
9355,9
9361,11
9362,9
9365,13
9367,11
9373,8
9374,12
9381,3
9388,12
9392,14
9394,12
9400,6
9401,11
9406,9
9420,13
9422,10
9424,13
9427,11
9428,7
9429,9
9431,7
9432,11
9435,8
9436,7
9437,13
9439,11
9447,10
9448,9
9455,10
9456,16
9458,11
9460,10
9469,16
9471,5
9474,8
9479,11
9481,7
9487,9
9490,12
9491,11
9498,10
9505,8
9506,5
9507,10
9509,16
9510,10
9512,15
9516,14
9520,4
9527,17
9531,12
9533,11
9540,3
9542,9
9543,10
9546,14
9550,13
9557,13
9561,11
9566,10
9567,5
9568,8
9569,10
9573,9
9575,13
9579,15
9582,8
9585,10
9586,11
9587,16
9589,8
9592,12
9595,11
9596,13
9613,12
9615,9
9616,10
9618,10
9621,8
9623,7
9626,11
9627,14
9632,8
9633,7
9636,13
9652,12
9653,18
9664,12
9673,7
9674,11
9675,6
9676,11
9683,5
9684,9
9690,9
9691,11
9692,8
9695,6
9699,14
9700,11
9701,13
9703,12
9708,14
9709,6
9711,16
9712,7
9717,11
9719,9
9722,13
9727,7
9728,10
9730,8
9737,10
9738,16
9749,10
9752,8
9758,10
9759,8
9760,7
9761,13
9764,6
9766,5
9767,8
9771,9
9772,8
9774,8
9775,8
9777,12
9779,11
9780,8
9781,8
9786,9
9790,12
9792,8
9793,9
9795,12
9796,10
9801,6
9803,5
9806,14
9808,15
9815,19
9820,9
9822,9
9824,12
9825,11
9826,12
9827,12
9828,11
9830,9
9831,9
9834,10
9836,5
9837,9
9842,9
9845,9
9848,8
9850,8
9853,6
9854,20
9856,6
9859,7
9867,13
9869,11
9870,11
9873,8
9875,15
9877,4
9879,8
9885,18
9894,12
9895,9
9898,14
9899,7
9904,9
9908,9
9911,16
9912,13
9913,11
9914,13
9915,15
9919,8
9929,16
9932,9
9944,6
9948,15
9953,7
9955,8
9960,10
9963,11
9968,12
9970,16
9971,10
9972,8
9976,11
9984,6
9986,6
9993,11
9997,9
9998,10
9999,6
10005,12
10009,10
10013,18
10014,9
10015,12
10023,15
10025,6
10026,12
10030,8
10036,7
10041,10
10052,10
10053,10
10054,10
10055,11
10066,3
10070,10
10072,12
10078,6
10080,13
10081,11
10082,12
10087,10
10092,7
10094,7
10095,8
10097,11
10104,10
10105,11
10107,17
10111,14
10112,13
10118,9
10123,11
10125,14
10126,7
10129,6
10140,4
10145,14
10146,14
10148,3
10149,7
10159,11
10162,6
10168,10
10171,9
10172,11
10174,15
10175,16
10181,7
10184,9
10187,9
10193,13
10197,3
10203,5
10207,12
10209,9
10210,10
10213,8
10216,10
10220,7
10223,14
10225,10
10230,8
10238,11
10246,8
10252,14
10255,4
10259,8
10262,8
10263,7
10269,9
10272,10
10275,11
10276,10
10286,6
10288,16
10290,9
10292,5
10299,13
10301,7
10303,11
10314,7
10319,8
10320,11
10322,14
10324,7
10329,10
10333,8
10336,14
10340,8
10346,6
10347,14
10353,8
10356,8
10361,10
10362,7
10367,10
10377,8
10382,10
10391,11
10392,12
10403,14
10413,12
10414,10
10420,13
10429,12
10430,16
10431,13
10432,9
10437,9
10442,11
10443,5
10450,11
10451,8
10454,7
10455,16
10458,9
10461,17
10462,8
10463,8
10464,11
10465,14
10470,14
10471,9
10472,12
10474,13
10477,10
10478,12
10479,5
10482,9
10484,10
10486,9
10487,13
10489,9
10495,12
10498,11
10500,8
10506,7
10507,9
10509,9
10510,5
10514,15
10518,10
10522,5
10524,6
10528,10
10530,17
10531,6
10532,12
10541,4
10542,6
10547,10
10557,16
10559,6
10560,7
10561,10
10564,9
10567,17
10573,11
10574,14
10575,10
10580,9
10581,11
10583,10
10587,13
10588,21
10590,8
10592,7
10595,7
10597,8
10600,5
10604,9
10608,9
10615,16
10616,4
10617,12
10623,13
10624,9
10627,10
10636,13
10643,13
10646,11
10652,10
10653,11
10665,11
10668,12
10669,10
10676,10
10685,9
10688,2
10691,6
10693,10
10696,9
10697,8
10704,14
10706,8
10707,8
10708,13
10710,7
10715,16
10721,4
10723,11
10725,15
10726,7
10728,14
10729,9
10734,8
10736,5
10737,11
10741,11
10742,11
10744,7
10745,11
10753,13
10757,14
10766,10
10767,10
10769,11
10773,13
10775,12
10784,6
10785,11
10789,10
10790,6
10794,10
10795,14
10797,12
10798,6
10799,12
10803,5
10806,10
10808,6
10812,7
10817,13
10820,12
10822,10
10824,16
10828,8
10830,8
10832,9
10834,7
10835,9
10836,16
10847,10
10851,9
10853,12
10854,3
10859,8
10860,17
10861,10
10863,15
10865,9
10871,10
10873,12
10875,12
10877,12
10884,11
10891,14
10896,9
10904,16
10905,11
10907,13
10909,16
10910,6
10913,13
10915,13
10919,5
10921,19
10923,16
10927,15
10929,8
10930,13
10933,10
10936,6
10939,7
10945,10
10954,11
10962,11
10964,16
10965,9
10966,7
10967,10
10969,6
10973,13
10980,8
10981,8
10982,12
10983,18
10986,5
10987,5
10988,11
10995,6
10996,10
10997,16
11002,11
11008,10
11011,8
11019,11
11020,13
11022,22
11031,10
11032,4
11033,7
11034,13
11036,3
11038,12
11048,9
11050,11
11058,4
11062,7
11064,11
11065,12
11073,11
11074,10
11077,5
11078,12
11081,9
11087,11
11090,6
11093,11
11099,6
11101,14
11105,15
11106,11
11107,8
11108,11
11109,6
11111,4
11112,10
11123,13
11128,10
11129,6
11133,6
11138,8
11139,13
11141,14
11142,10
11143,11
11148,11
11149,17
11150,11
11151,13
11158,11
11166,9
11169,5
11173,7
11175,5
11177,12
11182,4
11187,11
11194,8
11199,13
11204,7
11206,6
11207,17
11208,9
11210,5
11214,9
11221,11
11223,9
11225,8
11227,6
11230,9
11235,10
11237,10
11243,10
11245,9
11249,15
11253,14
11254,9
11256,7
11257,12
11264,7
11271,10
11273,9
11274,11
11277,14
11278,12
11281,13
11283,11
11284,10
11286,7
11288,11
11290,9
11292,11
11293,10
11297,9
11302,9
11305,8
11307,12
11311,12
11314,16
11317,7
11318,14
11319,12
11331,10
11336,12
11345,11
11347,5
11349,7
11365,6
11366,6
11370,12
11372,14
11375,8
11384,7
11387,12
11390,9
11396,10
11399,15
11400,13
11403,7
11406,12
11415,9
11420,12
11422,15
11425,12
11430,12
11431,11
11432,10
11435,9
11437,12
11445,8
11446,6
11454,9
11456,3
11457,9
11458,7
11463,9
11465,13
11466,10
11472,10
11478,10
11481,12
11482,17
11484,9
11486,9
11493,18
11495,9
11499,15
11501,8
11503,9
11507,11
11508,7
11515,9
11520,16
11524,5
11525,5
11533,13
11537,11
11543,13
11544,7
11548,13
11551,13
11554,11
11557,5
11559,10
11564,8
11571,9
11573,8
11578,4
11587,12
11593,11
11595,11
11597,9
11598,6
11600,8
11601,13
11605,8
11610,13
11611,8
11612,8
11613,13
11614,11
11616,11
11619,14
11621,10
11623,7
11629,6
11632,10
11635,10
11644,14
11653,6
11657,8
11661,12
11663,10
11664,13
11665,10
11666,14
11667,10
11673,13
11674,10
11677,12
11678,10
11684,8
11686,11
11689,9
11690,8
11693,14
11701,6
11704,7
11707,10
11708,8
11709,8
11710,15
11712,8
11714,7
11716,8
11718,11
11722,8
11729,10
11730,7
11732,14
11734,7
11737,4
11738,16
11741,18
11745,9
11747,9
11748,13
11752,12
11757,13
11759,6
11761,8
11762,11
11764,18
11770,11
11773,10
11774,10
11777,10
11793,11
11795,12
11813,8
11814,11
11815,14
11816,10
11830,10
11832,13
11836,13
11840,10
11846,13
11850,6
11851,7
11852,11
11856,8
11857,14
11859,9
11862,9
11863,10
11867,13
11874,11
11876,10
11877,8
11881,9
11905,5
11906,8
11907,10
11908,11
11910,11
11911,11
11916,10
11930,12
11936,15
11942,7
11944,13
11945,9
11950,12
11952,8
11953,7
11955,5
11956,9
11958,8
11966,16
11967,12
11970,7
11971,9
11973,7
11975,12
11976,14
11981,6
11985,12
11987,13
11993,9
11995,9
12002,8
12009,9
12011,8
12015,7
12017,12
12021,8
12025,12
12033,11
12042,8
12045,9
12046,11
12047,8
12051,8
12054,8
12055,10
12057,12
12069,11
12074,10
12076,8
12085,8
12087,15
12088,13
12089,6
12100,7
12102,13
12104,12
12106,8
12107,11
12111,8
12112,8
12116,11
12124,10
12125,12
12127,9
12135,8
12140,16
12142,11
12145,2
12149,9
12150,12
12153,10
12155,16
12156,7
12157,11
12158,10
12160,6
12166,6
12168,13
12171,10
12175,11
12176,9
12180,10
12182,9
12189,13
12193,10
12196,5
12199,20
12200,10
12203,13
12205,12
12207,6
12210,11
12212,7
12215,7
12217,6
12218,10
12219,14
12224,13
12228,9
12230,5
12231,11
12237,13
12240,6
12242,6
12244,10
12245,12
12249,9
12252,8
12254,11
12255,8
12259,16
12262,7
12264,13
12267,10
12268,13
12271,7
12274,9
12275,9
12277,11
12280,14
12282,9
12286,13
12292,13
12294,9
12298,15
12301,13
12303,8
12309,6
12318,6
12319,8
12323,11
12324,5
12328,8
12334,11
12340,11
12345,5
12346,10
12347,7
12349,12
12351,11
12353,11
12354,11
12358,8
12363,10
12364,15
12366,12
12367,10
12371,14
12372,15
12375,13
12380,4
12386,9
12389,7
12402,9
12403,9
12405,7
12406,9
12414,20
12418,6
12427,4
12437,11
12440,10
12448,13
12449,11
12452,6
12456,7
12458,14
12462,9
12465,7
12466,3
12470,13
12471,6
12478,9
12479,14
12482,8
12485,8
12486,14
12490,10
12491,9
12493,10
12494,7
12498,17
12499,7
12500,6
12501,7
12504,8
12505,21
12507,8
12522,10
12523,12
12524,8
12525,6
12528,7
12532,9
12533,9
12538,11
12543,10
12553,18
12554,18
12559,13
12561,10
12564,12
12568,15
12572,12
12574,8
12575,12
12578,12
12581,9
12582,12
12589,8
12590,11
12592,10
12593,9
12595,9
12597,12
12598,15
12599,15
12612,15
12613,7
12615,13
12618,8
12622,8
12625,11
12628,12
12629,4
12633,16
12634,5
12641,13
12646,12
12658,11
12661,9
12663,7
12669,8
12673,14
12676,14
12678,10
12680,13
12681,10
12689,13
12691,6
12693,8
12698,7
12699,6
12702,10
12705,11
12709,10
12711,14
12712,9
12715,13
12719,15
12723,16
12724,9
12726,9
12731,7
12732,14
12734,7
12738,9
12740,6
12745,10
12747,16
12748,7
12749,12
12750,10
12755,10
12756,18
12757,8
12759,17
12763,8
12767,10
12768,5
12771,11
12773,10
12774,9
12778,10
12783,9
12793,15
12794,8
12800,8
12805,7
12806,7
12807,8
12810,8
12812,12
12814,10
12817,10
12826,12
12827,11
12829,14
12834,10
12837,8
12839,9
12843,14
12844,7
12850,7
12852,14
12854,7
12856,11
12859,7
12872,12
12873,10
12876,9
12877,11
12888,16
12890,13
12895,9
12896,9
12900,12
12905,15
12906,5
12908,9
12915,3
12916,8
12925,4
12934,6
12937,8
12943,11
12947,10
12948,11
12949,10
12950,10
12957,7
12958,10
12959,12
12961,14
12970,15
12976,11
12977,12
12983,11
12984,14
12988,12
12991,13
12992,10
12993,11
12996,17
13002,9
13005,7
13008,7
13012,10
13026,16
13031,7
13032,9
13035,13
13038,11
13039,8
13046,10
13047,9
13050,8
13053,21
13054,9
13056,10
13058,15
13059,13
13062,9
13063,14
13067,8
13072,9
13077,8
13078,2
13079,14
13080,13
13082,15
13086,11
13089,7
13099,13
13100,8
13101,13
13102,13
13104,9
13106,7
13107,4
13110,13
13111,8
13114,10
13115,15
13116,13
13122,14
13123,9
13127,11
13129,7
13130,11
13132,9
13133,7
13134,7
13137,4
13144,6
13150,10
13151,11
13152,10
13156,4
13157,10
13159,9
13164,11
13166,6
13167,9
13170,3
13172,9
13177,12
13180,9
13183,9
13187,9
13188,16
13190,10
13194,9
13201,10
13203,15
13205,16
13214,8
13215,8
13216,9
13224,7
13226,8
13229,10
13239,11
13243,9
13244,10
13245,9
13246,7
13247,10
13248,12
13249,8
13255,9
13256,13
13257,13
13259,10
13262,9
13264,11
13265,10
13266,12
13267,10
13269,10
13271,16
13274,7
13275,10
13279,10
13284,8
13287,13
13289,10
13293,5
13296,6
13298,8
13308,13
13309,7
13313,8
13314,12
13316,8
13317,13
13321,3
13322,12
13324,13
13328,12
13330,10
13337,17
13341,11
13344,9
13346,13
13350,15
13352,8
13358,14
13359,6
13361,12
13362,8
13364,9
13368,13
13370,12
13372,7
13373,11
13376,12
13377,13
13382,11
13383,11
13386,11
13387,12
13389,9
13395,10
13396,14
13397,11
13398,8
13401,10
13404,7
13408,8
13410,6
13419,14
13432,11
13435,11
13439,14
13442,8
13446,8
13447,11
13452,16
13453,11
13454,10
13459,10
13462,8
13467,11
13469,11
13471,15
13472,10
13474,10
13475,13
13477,16
13480,12
13484,8
13488,8
13489,13
13491,10
13492,8
13494,8
13496,13
13498,9
13501,11
13510,9
13519,10
13525,7
13527,5
13532,12
13539,16
13541,9
13542,14
13543,13
13549,14
13551,10
13554,14
13559,10
13561,10
13562,9
13569,15
13570,13
13572,8
13576,7
13577,11
13579,11
13580,8
13587,6
13590,11
13597,4
13598,18
13608,14
13610,6
13615,11
13619,6
13620,9
13621,7
13623,9
13631,13
13635,11
13648,11
13649,11
13650,11
13655,12
13658,10
13659,10
13663,6
13664,13
13665,8
13670,11
13671,5
13672,13
13678,7
13681,3
13682,10
13694,10
13697,14
13698,13
13700,14
13701,8
13706,9
13709,12
13711,9
13714,18
13715,15
13716,6
13720,10
13723,13
13724,12
13725,5
13729,5
13732,10
13734,11
13739,8
13740,14
13742,3
13756,8
13759,4
13760,7
13763,15
13770,5
13771,11
13772,5
13773,12
13775,9
13776,14
13784,10
13787,6
13790,11
13795,14
13799,4
13803,8
13804,10
13805,11
13807,10
13809,9
13812,10
13815,12
13818,20
13819,14
13827,10
13828,6
13835,7
13839,5
13841,5
13842,8
13844,15
13848,9
13850,17
13855,10
13857,5
13858,19
13859,10
13861,10
13863,3
13867,10
13869,10
13870,10
13871,4
13874,10
13875,7
13877,4
13879,8
13881,8
13883,15
13891,9
13893,6
13903,13
13904,10
13907,12
13908,11
13915,4
13917,14
13919,13
13921,11
13924,11
13929,9
13931,10
13937,12
13939,11
13940,12
13942,12
13946,10
13947,8
13948,16
13951,6
13953,9
13955,6
13957,7
13960,10
13971,12
13972,8
13975,5
13980,11
13984,16
13985,12
13990,9
13996,12
13997,11
13999,7
14001,7
14004,5
14011,10
14017,13
14018,8
14019,9
14020,11
14022,10
14024,8
14025,7
14026,9
14029,10
14032,13
14038,14
14039,13
14043,14
14044,8
14046,12
14048,11
14051,7
14056,9
14057,9
14060,9
14061,11
14062,14
14063,19
14066,10
14070,13
14071,6
14073,13
14080,8
14081,10
14085,12
14088,10
14091,11
14092,10
14100,12
14101,7
14103,11
14105,6
14111,3
14120,7
14122,9
14126,15
14132,18
14136,8
14137,4
14139,16
14148,14
14153,8
14156,13
14161,7
14163,10
14165,9
14171,11
14172,12
14173,5
14178,9
14179,6
14182,6
14184,15
14193,8
14197,7
14198,7
14199,7
14200,9
14210,8
14212,11
14216,9
14218,12
14221,9
14226,10
14227,9
14228,7
14231,13
14232,9
14233,11
14234,11
14238,6
14243,15
14246,5
14247,11
14250,16
14253,5
14254,14
14257,9
14259,14
14264,10
14269,7
14271,13
14276,14
14282,12
14283,11
14284,9
14285,11
14292,12
14293,10
14298,10
14301,13
14304,16
14309,11
14310,10
14313,6
14318,9
14323,7
14328,9
14329,8
14331,11
14332,11
14334,7
14344,12
14350,5
14351,5
14371,12
14374,9
14375,13
14392,11
14393,9
14395,8
14406,13
14410,15
14418,8
14419,4
14420,7
14429,10
14435,14
14437,7
14438,12
14439,16
14442,11
14445,9
14446,7
14450,17
14454,9
14458,6
14461,7
14464,10
14469,9
14470,15
14471,11
14477,11
14482,8
14485,10
14486,13
14492,8
14493,13
14495,7
14502,7
14503,11
14504,9
14505,9
14507,14
14510,13
14515,8
14517,10
14526,13
14529,8
14532,9
14533,13
14536,13
14542,6
14543,15
14544,15
14545,5
14547,7
14548,9
14551,6
14555,14
14556,8
14560,11
14564,6
14566,12
14569,11
14570,8
14572,12
14573,13
14575,7
14576,13
14580,7
14585,12
14586,10
14587,7
14588,9
14591,18
14592,6
14604,18
14605,8
14609,7
14618,9
14619,17
14620,6
14624,10
14626,10
14628,9
14631,12
14636,11
14642,5
14649,9
14655,11
14658,7
14660,5
14666,7
14669,5
14675,8
14676,8
14681,13
14682,14
14685,14
14687,11
14689,12
14694,7
14697,10
14699,11
14701,11
14703,14
14706,8
14707,12
14709,6
14710,9
14726,7
14730,8
14734,12
14738,7
14739,7
14745,9
14754,10
14756,7
14757,8
14760,6
14765,12
14772,9
14777,9
14781,10
14784,7
14786,10
14790,16
14791,8
14793,10
14795,4
14801,9
14804,16
14808,14
14809,11
14816,15
14817,6
14823,13
14824,12
14825,9
14826,16
14830,4
14831,17
14832,5
14833,11
14837,5
14838,8
14839,12
14845,10
14859,11
14861,14
14863,17
14865,12
14868,9
14869,15
14870,15
14871,15
14877,21
14881,12
14882,9
14886,5
14889,10
14891,10
14900,8
14904,6
14905,10
14917,13
14918,13
14921,8
14923,10
14924,8
14930,16
14931,15
14932,10
14933,11
14938,7
14939,17
14945,12
14946,9
14952,11
14963,12
14965,12
14967,14
14975,12
14977,14
14978,6
14987,9
14993,11
14994,17
14997,6
15004,15
15005,7
15006,9
15008,6
15011,8
15026,11
15030,14
15033,6
15034,10
15036,7
15037,12
15038,9
15040,10
15049,10
15053,13
15061,9
15063,6
15064,8
15066,15
15067,10
15068,9
15070,12
15074,13
15076,15
15079,11
15080,14
15081,4
15082,7
15083,6
15090,14
15097,15
15103,8
15106,7
15110,13
15120,14
15122,6
15125,7
15136,10
15140,10
15151,6
15159,8
15165,11
15173,9
15174,8
15175,14
15182,13
15184,11
15187,7
15188,7
15192,13
15193,5
15194,10
15198,10
15199,13
15202,11
15203,13
15205,11
15206,7
15217,4
15223,11
15226,6
15231,5
15232,11
15233,8
15238,6
15253,9
15262,12
15266,7
15267,11
15271,9
15275,7
15284,11
15288,8
15289,11
15291,10
15299,12
15301,13
15307,10
15311,11
15312,13
15315,11
15318,6
15319,13
15321,13
15323,14
15326,9
15340,8
15346,16
15350,11
15357,13
15359,13
15360,8
15363,11
15373,12
15377,11
15386,11
15387,9
15390,15
15397,14
15400,6
15402,6
15404,9
15408,12
15410,8
15411,11
15412,8
15414,11
15416,10
15417,9
15425,13
15426,11
15432,6
15434,8
15436,7
15440,13
15441,10
15447,15
15450,12
15451,18
15452,12
15455,6
15458,3
15464,12
15467,10
15473,9
15475,14
15477,8
15487,7
15488,7
15491,14
15492,5
15493,9
15497,17
15501,5
15508,5
15512,7
15513,8
15515,9
15518,9
15522,10
15525,15
15528,5
15529,13
15532,10
15533,15
15534,10
15540,8
15541,12
15544,9
15545,13
15551,7
15557,9
15559,11
15560,7
15563,7
15569,15
15572,12
15576,8
15578,9
15586,8
15594,13
15597,12
15600,10
15605,13
15606,11
15612,14
15614,7
15618,6
15619,13
15624,9
15626,11
15629,14
15633,15
15634,6
15638,4
15641,16
15644,9
15646,11
15650,13
15654,14
15658,13
15665,15
15668,7
15671,12
15672,10
15678,8
15679,11
15687,10
15688,11
15691,11
15693,5
15694,14
15696,11
15698,8
15699,7
15703,9
15713,12
15716,9
15717,5
15721,9
15723,8
15730,11
15737,11
15738,6
15739,3
15742,15
15743,12
15744,8
15745,16
15747,11
15748,8
15753,10
15757,8
15763,4
15766,9
15768,13
15774,12
15775,10
15781,7
15782,11
15785,14
15789,3
15794,5
15796,10
15799,13
15800,11
15801,12
15803,8
15813,9
15822,9
15826,8
15829,11
15830,12
15831,14
15836,13
15838,14
15840,8
15841,3
15842,8
15849,12
15851,4
15852,11
15853,9
15854,7
15862,14
15869,12
15873,9
15876,7
15878,7
15879,16
15880,9
15886,14
15889,7
15892,8
15897,8
15905,4
15915,14
15916,13
15920,11
15921,5
15922,13
15923,9
15925,10
15929,19
15931,12
15935,11
15940,6
15944,7
15953,8
15954,4
15958,8
15960,13
15966,9
15969,13
15971,11
15985,7
15986,13
15989,10
15991,11
15999,11
16004,12
16006,7
16009,12
16015,13
16019,6
16020,12
16023,9
16024,3
16029,8
16030,6
16032,9
16036,7
16037,6
16044,8
16048,11
16058,6
16060,11
16063,6
16068,11
16073,13
16074,14
16081,9
16084,8
16085,12
16086,12
16099,10
16103,11
16105,8
16112,14
16116,11
16119,17
16122,8
16127,14
16129,18
16130,12
16131,9
16139,9
16143,8
16145,11
16146,4
16147,10
16150,17
16153,15
16155,13
16156,11
16164,10
16166,11
16168,9
16169,10
16173,11
16176,11
16180,6
16183,10
16190,10
16192,11
16196,10
16200,12
16201,10
16202,18
16205,11
16209,14
16215,9
16216,11
16217,7
16220,8
16222,4
16226,11
16228,4
16229,10
16235,14
16236,10
16237,9
16239,8
16244,11
16246,8
16247,14
16249,21
16250,15
16254,9
16255,12
16260,5
16264,12
16266,10
16267,10
16272,6
16281,14
16283,7
16284,8
16288,9
16290,5
16293,8
16309,12
16310,6
16318,4
16321,12
16326,14
16328,8
16332,7
16335,10
16336,12
16339,13
16344,8
16348,11
16350,7
16351,9
16359,16
16360,12
16362,12
16371,17
16378,7
16388,12
16391,16
16396,9
16397,10
16400,10
16404,8
16406,16
16413,11
16417,9
16418,11
16423,5
16425,7
16426,6
16427,11
16434,8
16436,14
16441,8
16446,17
16448,13
16450,8
16452,13
16453,10
16457,11
16463,6
16464,7
16469,12
16472,12
16481,10
16483,7
16487,6
16495,5
16497,10
16498,11
16500,15
16506,14
16510,6
16513,12
16514,8
16515,11
16516,11
16525,9
16526,9
16534,6
16544,3
16548,18
16550,9
16554,10
16555,12
16560,6
16564,5
16566,3
16568,16
16569,9
16570,9
16571,11
16582,16
16584,8
16586,8
16589,12
16592,6
16600,9
16603,11
16604,13
16616,7
16618,6
16620,8
16621,11
16634,16
16635,10
16638,14
16643,13
16644,17
16649,8
16654,9
16658,11
16665,8
16668,15
16669,12
16676,8
16678,7
16681,8
16682,7
16683,11
16685,8
16686,12
16687,8
16694,8
16696,10
16698,4
16710,7
16711,7
16713,6
16715,12
16721,9
16727,10
16729,8
16730,10
16736,10
16737,7
16742,3
16745,5
16746,11
16749,11
16750,13
16755,7
16757,7
16765,11
16769,8
16773,2
16774,14
16776,7
16778,5
16779,7
16783,13
16787,10
16790,12
16796,11
16798,5
16800,9
16816,10
16823,5
16826,9
16829,15
16831,11
16833,13
16835,11
16837,14
16838,14
16847,10
16849,4
16851,11
16853,9
16867,8
16868,10
16870,11
16872,8
16876,4
16877,6
16878,15
16885,10
16886,10
16890,10
16897,11
16900,14
16905,14
16907,4
16909,11
16917,10
16919,9
16920,11
16928,10
16934,5
16936,11
16939,12
16942,12
16943,9
16944,9
16946,8
16951,3
16953,10
16954,6
16955,10
16959,18
16961,9
16967,8
16970,7
16974,12
16981,7
16989,11
16993,7
16994,10
17001,13
17017,8
17022,15
17032,7
17034,17
17037,15
17040,6
17047,7
17059,16
17061,10
17064,11
17065,11
17073,16
17074,10
17083,15
17084,11
17103,22
17105,4
17111,9
17120,11
17122,13
17123,10
17128,10
17129,11
17130,8
17133,16
17137,14
17138,9
17139,15
17140,7
17147,15
17150,10
17157,9
17158,7
17164,10
17168,8
17171,15
17177,8
17182,9
17185,9
17187,9
17188,6
17194,13
17196,6
17197,3
17198,8
17208,6
17210,10
17211,13
17213,7
17215,14
17216,9
17221,8
17222,14
17223,14
17227,12
17231,6
17232,9
17235,6
17236,8
17237,11
17243,7
17247,4
17248,16
17251,10
17255,8
17257,5
17260,14
17261,7
17263,10
17265,8
17267,10
17268,8
17269,8
17273,11
17277,11
17279,12
17292,5
17298,11
17313,9
17319,11
17325,10
17326,14
17331,9
17333,7
17337,12
17338,13
17344,17
17347,10
17348,7
17355,8
17356,9
17358,7
17380,8
17381,10
17382,15
17384,10
17387,6
17388,11
17391,12
17393,12
17395,11
17397,12
17399,10
17401,12
17402,7
17417,14
17421,7
17423,7
17427,7
17429,9
17431,8
17433,13
17440,8
17449,19
17452,9
17459,12
17460,5
17462,4
17467,12
17470,21
17475,10
17480,8
17482,11
17486,17
17487,9
17488,12
17492,15
17493,11
17495,16
17497,12
17498,16
17504,9
17505,9
17511,11
17512,13
17514,7
17515,7
17516,7
17518,9
17519,5
17521,4
17525,8
17527,9
17529,9
17532,7
17537,12
17544,5
17545,14
17546,16
17549,5
17550,11
17556,17
17561,8
17562,10
17565,9
17566,11
17574,15
17577,5
17579,9
17580,9
17581,9
17582,14
17598,11
17599,7
17601,7
17604,20
17605,12
17606,20
17610,6
17612,12
17615,3
17621,15
17622,13
17624,15
17626,11
17629,14
17631,11
17636,14
17637,9
17642,11
17643,14
17650,14
17651,7
17653,11
17654,9
17655,15
17656,7
17659,11
17660,5
17666,13
17667,7
17676,13
17681,10
17683,17
17685,7
17690,5
17693,14
17696,7
17700,12
17704,7
17710,11
17711,4
17713,8
17721,9
17723,14
17724,12
17725,12
17737,8
17743,13
17744,5
17747,15
17750,5
17751,12
17753,12
17761,12
17763,8
17766,15
17768,7
17783,12
17785,9
17787,15
17788,10
17790,5
17794,6
17798,7
17800,9
17801,13
17811,10
17812,8
17818,3
17820,10
17823,12
17826,14
17833,7
17835,5
17836,9
17838,13
17840,7
17842,7
17846,8
17847,9
17850,6
17851,8
17852,7
17860,12
17861,15
17866,7
17867,10
17873,7
17875,7
17880,14
17890,13
17893,10
17895,10
17896,10
17901,10
17904,15
17913,7
17918,6
17919,12
17921,10
17923,15
17926,10
17928,7
17931,10
17939,12
17943,11
17945,7
17949,13
17953,9
17955,8
17957,7
17958,5
17959,8
17963,9
17973,9
17974,15
17975,10
17978,10
17982,3
17983,10
17987,10
17989,8
17991,7
17992,14
17999,8
18001,18
18005,8
18009,9
18010,6
18021,14
18023,13
18024,5
18026,6
18028,8
18029,12
18032,13
18033,9
18035,8
18039,14
18043,9
18046,6
18059,13
18062,13
18064,3
18066,7
18067,12
18070,12
18077,16
18081,12
18082,9
18083,14
18095,10
18102,4
18104,7
18106,13
18111,7
18113,17
18116,11
18118,5
18120,9
18123,11
18130,6
18131,19
18136,8
18138,8
18139,8
18145,9
18146,11
18147,8
18150,9
18154,9
18158,10
18162,15
18163,9
18167,17
18170,8
18176,12
18181,8
18182,9
18185,10
18194,6
18195,10
18201,10
18202,10
18203,12
18204,11
18205,14
18208,9
18209,14
18217,12
18219,15
18220,14
18221,8
18222,10
18230,9
18236,7
18237,3
18239,9
18247,7
18254,12
18255,13
18264,12
18267,9
18268,7
18271,8
18274,16
18275,9
18279,11
18291,10
18295,5
18296,16
18297,12
18298,9
18302,11
18308,9
18309,8
18310,12
18313,17
18321,3
18325,9
18326,8
18327,6
18331,7
18332,8
18333,10
18336,3
18354,16
18355,11
18356,7
18359,6
18362,13
18366,9
18368,11
18369,15
18371,7
18373,12
18377,6
18379,14
18383,11
18384,10
18385,11
18389,16
18390,5
18397,17
18402,12
18410,9
18411,10
18417,17
18419,13
18424,12
18426,15
18427,9
18429,14
18431,6
18435,10
18440,8
18443,14
18448,8
18452,6
18453,10
18455,15
18456,9
18460,7
18461,10
18466,15
18471,11
18479,15
18482,12
18492,11
18495,8
18499,12
18501,8
18502,11
18510,6
18512,9
18513,9
18516,13
18526,8
18527,14
18530,8
18531,8
18532,15
18533,9
18534,6
18538,5
18559,5
18560,6
18562,14
18568,8
18578,8
18582,15
18585,6
18587,11
18588,8
18592,11
18593,8
18596,9
18600,7
18602,11
18603,13
18604,7
18607,13
18621,12
18625,12
18626,6
18627,15
18628,15
18634,9
18635,6
18636,16
18637,5
18651,9
18652,4
18656,15
18662,8
18663,6
18669,9
18672,15
18673,8
18674,15
18677,14
18682,5
18683,8
18685,10
18686,10
18687,8
18690,4
18693,11
18696,13
18699,11
18702,7
18710,2
18711,15
18712,14
18714,12
18718,12
18719,5
18720,8
18726,7
18731,10
18733,9
18738,7
18740,8
18741,11
18742,12
18746,7
18749,11
18753,11
18754,8
18758,9
18763,12
18765,11
18766,7
18772,12
18774,7
18776,15
18778,7
18783,5
18789,5
18790,20
18799,16
18804,8
18807,12
18808,12
18816,8
18817,13
18818,10
18820,9
18825,10
18826,11
18827,6
18828,12
18830,10
18837,9
18839,10
18840,12
18841,8
18847,14
18850,11
18858,5
18859,10
18860,12
18861,14
18862,6
18865,13
18870,8
18871,9
18872,9
18873,6
18878,11
18882,5
18883,10
18890,12
18893,11
18894,10
18895,9
18896,6
18903,7
18910,11
18912,12
18919,8
18921,7
18926,9
18927,12
18928,12
18931,16
18932,12
18936,4
18937,11
18944,10
18945,10
18947,12
18952,19
18953,21
18957,7
18960,4
18973,11
18978,9
18982,14
18983,7
18985,7
18986,13
18988,12
18992,13
18994,14
18999,12
19003,8
19013,6
19014,9
19024,10
19029,4
19030,14
19031,6
19032,10
19035,8
19036,14
19040,8
19050,12
19054,9
19057,12
19059,7
19060,9
19064,11
19068,15
19074,5
19080,12
19081,10
19083,11
19090,8
19093,10
19095,13
19097,8
19103,9
19107,8
19110,7
19114,12
19115,11
19117,7
19118,12
19121,10
19122,11
19126,6
19128,11
19129,13
19131,8
19133,9
19142,8
19145,12
19147,4
19151,12
19153,9
19154,7
19155,10
19157,9
19158,6
19163,6
19167,7
19168,7
19171,6
19172,14
19173,15
19174,13
19176,8
19178,8
19180,14
19188,12
19190,6
19193,9
19195,11
19201,12
19202,9
19207,8
19208,10
19209,1
19215,4
19224,7
19225,10
19227,7
19231,7
19238,7
19239,11
19240,12
19246,8
19250,12
19255,12
19256,9
19260,6
19262,10
19263,9
19268,14
19270,9
19272,9
19280,8
19281,9
19285,23
19287,7
19289,11
19290,9
19291,10
19292,9
19295,10
19298,9
19300,16
19302,8
19305,8
19306,13
19308,9
19310,8
19312,16
19317,14
19319,8
19322,11
19329,10
19333,8
19334,9
19339,10
19341,7
19343,6
19344,11
19345,4
19349,8
19351,9
19357,9
19358,12
19359,10
19360,7
19361,6
19366,12
19367,11
19368,13
19376,5
19378,8
19381,11
19382,12
19385,11
19389,9
19395,12
19396,8
19401,9
19402,13
19403,7
19404,11
19407,7
19410,10
19411,10
19412,8
19416,5
19429,10
19432,6
19435,11
19437,6
19441,13
19443,9
19453,15
19454,14
19455,6
19456,9
19460,17
19465,6
19477,8
19479,14
19493,9
19498,15
19502,12
19504,8
19505,12
19507,5
19510,8
19514,6
19518,14
19526,8
19530,12
19536,6
19539,10
19543,9
19549,7
19551,4
19552,12
19553,12
19556,8
19557,18
19565,13
19567,13
19570,12
19572,9
19578,10
19581,10
19583,3
19584,7
19586,6
19588,8
19589,5
19590,9
19591,14
19592,8
19594,7
19601,7
19603,7
19605,11
19606,11
19610,13
19620,14
19622,6
19624,9
19631,12
19638,11
19641,7
19643,7
19644,10
19645,13
19651,8
19652,9
19654,6
19656,6
19660,15
19662,11
19663,12
19664,10
19665,12
19666,8
19668,11
19669,14
19670,12
19672,12
19673,6
19674,9
19677,10
19678,11
19682,18
19685,10
19688,6
19692,6
19693,14
19697,9
19699,14
19706,8
19708,14
19711,14
19715,9
19718,8
19729,11
19734,9
19736,13
19737,12
19744,10
19745,10
19747,9
19751,10
19763,13
19764,11
19766,7
19768,11
19771,5
19773,12
19775,7
19776,10
19780,6
19783,6
19784,9
19792,7
19793,9
19796,11
19799,9
19803,13
19806,13
19809,12
19812,10
19814,6
19816,10
19817,14
19820,13
19822,8
19824,9
19826,8
19827,8
19828,11
19829,16
19832,9
19833,3
19836,7
19837,14
19840,15
19841,8
19842,17
19848,5
19858,11
19867,8
19868,6
19870,2
19871,8
19877,16
19879,8
19881,13
19882,9
19890,7
19896,12
19899,10
19900,11
19902,3
19904,10
19906,7
19909,8
19915,10
19917,9
19919,11
19924,11
19926,13
19927,13
19930,14
19932,14
19933,9
19934,13
19937,9
19939,9
19941,15
19944,12
19947,7
19949,8
19950,10
19951,7
19954,11
19955,10
19963,8
19968,13
19969,11
19970,12
19973,15
19977,10
19978,12
19981,16
19986,6
19990,11
19991,11
19992,7
19997,14
19998,18
20002,18
20005,11
20006,12
20012,12
20013,5
20016,16
20019,7
20021,9
20031,8
20034,8
20037,6
20042,15
20046,10
20064,15
20066,7
20071,12
20074,7
20077,14
20079,9
20081,11
20083,11
20084,10
20085,7
20091,12
20092,9
20096,7
20099,4
20105,9
20106,7
20107,7
20111,11
20113,9
20116,9
20117,10
20118,12
20124,9
20126,14
20128,11
20129,12
20130,8
20132,10
20133,12
20137,7
20138,12
20142,15
20146,5
20151,7
20153,10
20154,11
20155,13
20157,12
20166,10
20169,7
20171,10
20175,14
20176,6
20178,16
20181,7
20183,12
20184,8
20202,10
20203,11
20207,6
20209,9
20211,3
20213,11
20216,6
20218,9
20222,15
20225,6
20226,7
20229,8
20235,6
20238,7
20247,13
20248,3
20255,8
20257,8
20260,9
20266,8
20269,8
20273,12
20275,9
20276,19
20278,18
20284,10
20285,10
20289,9
20290,8
20303,14
20307,7
20308,16
20310,9
20313,9
20314,9
20318,8
20324,7
20330,12
20331,5
20335,12
20336,11
20343,13
20344,12
20346,10
20349,7
20352,7
20353,13
20357,11
20364,5
20365,13
20370,11
20371,6
20372,8
20374,11
20377,8
20381,9
20382,7
20383,7
20384,12
20387,10
20389,9
20393,9
20395,9
20398,9
20402,8
20404,10
20405,5
20410,9
20420,8
20424,13
20429,14
20432,9
20434,11
20437,9
20440,6
20441,8
20443,14
20445,18
20449,15
20452,10
20457,3
20458,6
20463,9
20470,5
20477,13
20478,8
20479,11
20480,8
20483,7
20484,10
20490,8
20494,6
20495,14
20496,11
20499,10
20507,13
20515,8
20520,15
20525,6
20528,10
20531,7
20533,9
20539,14
20540,7
20546,13
20550,10
20552,8
20553,10
20556,10
20563,12
20564,14
20569,10
20572,12
20577,15
20581,11
20588,10
20590,17
20593,8
20595,6
20601,5
20602,8
20605,12
20607,8
20608,13
20615,12
20616,8
20618,13
20620,12
20623,10
20630,6
20632,14
20640,10
20644,13
20649,9
20650,6
20651,6
20664,13
20665,8
20671,6
20673,12
20674,12
20675,10
20687,6
20688,17
20691,6
20695,15
20697,10
20702,11
20705,7
20707,14
20710,13
20711,10
20714,15
20716,11
20730,12
20737,13
20742,10
20743,9
20752,15
20754,8
20757,12
20761,12
20762,8
20763,6
20766,5
20768,6
20769,13
20771,9
20775,6
20776,7
20777,10
20780,8
20781,6
20785,6
20789,12
20794,6
20802,13
20806,13
20809,13
20810,12
20811,9
20814,16
20827,14
20828,9
20829,13
20830,13
20833,9
20842,10
20843,10
20845,10
20847,9
20850,13
20856,7
20859,9
20862,5
20867,10
20871,12
20873,11
20879,14
20881,5
20894,6
20895,9
20896,6
20897,7
20899,13
20905,6
20906,11
20908,10
20909,8
20911,14
20912,11
20926,14
20928,14
20933,10
20935,15
20936,12
20937,8
20942,15
20944,14
20945,17
20949,6
20951,10
20954,10
20957,19
20958,10
20959,7
20961,9
20963,10
20967,10
20968,15
20973,12
20976,8
20977,12
20979,7
20981,8
20982,11
20983,10
20990,16
20991,10
20992,12
20995,12
20999,12
21001,11
21002,7
21003,8
21007,10
21009,14
21015,7
21016,6
21017,13
21018,18
21023,12
21024,7
21029,8
21034,16
21035,4
21036,12
21038,9
21039,11
21045,7
21047,11
21048,4
21049,8
21050,13
21052,12
21053,7
21054,8
21055,10
21056,8
21057,10
21060,9
21061,12
21065,8
21068,10
21069,8
21070,6
21075,9
21082,12
21083,14
21085,6
21086,10
21089,7
21091,11
21093,12
21094,11
21095,11
21098,10
21106,13
21117,16
21120,10
21123,10
21131,10
21135,6
21136,10
21138,10
21139,9
21140,11
21142,10
21149,13
21153,10
21158,6
21159,14
21160,14
21162,8
21163,12
21165,8
21167,7
21173,8
21175,10
21180,11
21189,8
21192,13
21196,9
21198,4
21201,16
21202,8
21203,14
21205,7
21206,15
21213,5
21219,9
21222,9
21231,12
21234,18
21235,12
21238,8
21240,13
21243,10
21244,9
21251,4
21253,11
21261,19
21262,12
21265,12
21266,7
21268,17
21276,9
21278,13
21291,8
21294,10
21302,6
21307,12
21310,8
21312,8
21314,9
21315,10
21316,5
21318,9
21319,5
21320,10
21322,14
21328,12
21329,11
21330,8
21331,5
21339,5
21341,15
21342,14
21346,7
21348,11
21353,14
21355,9
21356,13
21357,7
21360,7
21362,10
21364,7
21365,9
21367,8
21372,10
21377,13
21381,10
21386,13
21390,8
21393,10
21394,8
21401,3
21404,5
21411,7
21421,9
21423,11
21426,16
21428,14
21430,12
21432,13
21438,10
21446,11
21448,5
21454,8
21455,10
21461,11
21464,10
21468,7
21470,9
21473,10
21474,9
21478,19
21485,7
21489,11
21496,9
21501,8
21502,12
21503,13
21504,15
21506,9
21514,16
21518,10
21521,14
21522,5
21523,9
21525,16
21531,11
21534,8
21536,9
21538,11
21539,8
21541,10
21542,10
21543,7
21547,15
21548,5
21549,12
21550,9
21552,15
21554,10
21556,8
21557,8
21560,9
21563,7
21566,3
21567,10
21568,11
21569,8
21577,12
21578,11
21583,12
21584,12
21585,10
21589,10
21591,10
21596,12
21597,7
21598,6
21599,6
21605,18
21606,9
21610,9
21614,8
21620,3
21622,10
21630,7
21643,8
21644,11
21645,3
21649,9
21671,7
21672,4
21676,7
21679,14
21680,8
21688,8
21689,10
21690,15
21699,2
21700,13
21705,11
21711,9
21715,12
21718,5
21719,15
21723,8
21726,8
21734,15
21736,11
21737,10
21739,11
21741,13
21748,14
21751,13
21755,13
21757,11
21758,7
21761,12
21772,12
21773,8
21774,10
21785,13
21786,8
21787,15
21788,4
21789,13
21791,10
21792,6
21794,8
21795,16
21808,9
21810,6
21813,8
21816,7
21820,9
21830,7
21832,10
21837,7
21842,9
21843,13
21848,11
21849,6
21854,18
21855,12
21856,12
21857,11
21861,11
21864,10
21865,11
21867,11
21870,8
21873,14
21875,10
21878,12
21882,9
21883,9
21884,10
21886,8
21887,14
21889,8
21894,9
21895,10
21900,9
21908,10
21914,9
21919,10
21920,10
21923,6
21925,7
21933,6
21934,11
21935,14
21936,12
21949,11
21950,8
21951,16
21952,14
21956,9
21958,16
21959,12
21967,11
21973,7
21979,10
21984,9
21985,11
21986,7
21991,10
21994,11
21997,4
21998,13
22000,9
22001,11
22002,10
22013,9
22015,14
22019,6
22024,16
22026,10
22028,5
22031,13
22032,9
22038,11
22039,13
22042,8
22050,7
22058,9
22063,8
22065,10
22068,9
22076,14
22077,7
22080,5
22081,11
22083,7
22091,5
22095,9
22097,9
22099,11
22101,13
22102,10
22104,5
22105,11
22117,14
22123,10
22125,9
22128,7
22129,14
22132,10
22134,14
22135,12
22140,5
22142,12
22143,7
22148,12
22151,7
22156,12
22157,10
22160,13
22171,11
22175,16
22176,8
22178,8
22179,8
22181,10
22185,10
22189,7
22190,7
22207,13
22211,8
22212,8
22213,12
22221,12
22224,6
22226,10
22227,14
22237,11
22240,11
22242,11
22243,8
22247,15
22255,15
22259,10
22260,9
22263,9
22264,13
22265,13
22266,8
22267,6
22272,6
22274,11
22275,7
22282,12
22283,8
22284,7
22285,10
22288,12
22290,8
22295,14
22298,9
22304,13
22307,11
22312,9
22315,14
22320,13
22324,14
22326,10
22327,10
22338,16
22342,19
22343,13
22346,7
22350,5
22353,11
22363,12
22368,16
22374,12
22378,10
22379,9
22381,7
22390,12
22391,13
22392,6
22398,8
22400,11
22401,10
22405,13
22407,12
22412,8
22420,5
22422,9
22425,7
22426,9
22430,10
22432,10
22437,6
22441,8
22448,4
22449,7
22451,12
22455,9
22457,9
22460,12
22463,17
22466,11
22467,13
22468,9
22469,6
22474,13
22479,12
22480,3
22500,11
22501,8
22502,9
22503,10
22511,7
22515,11
22516,12
22522,8
22525,6
22538,14
22540,11
22547,9
22548,4
22552,13
22554,8
22557,12
22563,12
22566,11
22569,13
22582,7
22584,8
22586,10
22591,9
22593,11
22596,14
22601,7
22602,11
22603,2
22608,14
22612,8
22613,8
22614,12
22616,10
22617,13
22623,11
22627,9
22628,13
22641,8
22645,9
22646,6
22647,7
22648,6
22649,17
22653,14
22654,6
22655,6
22656,18
22659,14
22667,3
22670,9
22673,8
22678,7
22679,12
22687,11
22690,11
22694,9
22698,7
22701,12
22710,17
22712,6
22715,10
22718,13
22721,11
22722,8
22724,9
22725,5
22728,10
22729,10
22731,12
22733,8
22739,13
22741,14
22742,14
22744,8
22754,4
22757,9
22760,8
22762,6
22765,12
22769,15
22775,10
22777,11
22779,7
22780,10
22786,7
22787,10
22789,10
22791,11
22799,6
22800,9
22801,8
22809,10
22810,14
22811,14
22814,6
22816,11
22818,8
22819,13
22829,10
22830,14
22836,16
22838,11
22839,4
22841,10
22846,12
22849,10
22850,12
22851,10
22852,11
22853,9
22856,7
22857,7
22866,11
22867,8
22868,7
22870,7
22872,8
22876,4
22880,6
22885,12
22886,5
22890,6
22892,9
22895,14
22896,10
22897,10
22898,8
22901,12
22904,7
22905,8
22906,10
22907,11
22913,14
22915,7
22917,10
22919,7
22921,9
22929,6
22931,10
22932,9
22933,5
22935,10
22936,6
22939,11
22943,15
22945,12
22948,9
22949,12
22951,11
22952,7
22962,14
22963,5
22966,7
22968,13
22978,9
22979,7
22984,9
22989,9
22993,12
22995,11
22997,13
23000,11
23006,10
23007,7
23009,18
23010,11
23018,10
23021,14
23024,11
23036,7
23038,8
23040,9
23042,11
23043,15
23045,9
23046,5
23050,11
23060,8
23066,11
23069,14
23076,14
23084,10
23087,14
23095,14
23107,8
23109,10
23110,10
23116,7
23121,15
23131,14
23132,6
23135,10
23137,9
23138,5
23140,12
23144,11
23148,9
23149,14
23150,17
23154,8
23159,8
23170,11
23176,7
23179,6
23187,10
23190,10
23202,9
23205,11
23207,13
23214,4
23216,10
23219,14
23223,6
23224,5
23228,9
23234,14
23237,9
23243,11
23247,8
23254,8
23258,8
23265,14
23268,14
23270,12
23271,6
23278,17
23285,9
23288,11
23293,16
23295,10
23296,8
23297,12
23299,10
23301,5
23304,5
23315,10
23318,9
23320,9
23321,13
23324,8
23325,8
23326,9
23329,9
23331,14
23336,12
23338,6
23341,14
23346,15
23349,14
23352,8
23353,12
23356,16
23357,13
23358,10
23372,12
23377,12
23380,13
23381,11
23384,12
23386,11
23388,8
23392,11
23397,6
23401,13
23410,7
23412,11
23425,5
23430,13
23434,13
23436,14
23438,16
23443,7
23444,6
23447,11
23449,7
23451,11
23454,9
23473,11
23476,7
23477,10
23479,10
23480,12
23482,14
23483,9
23484,7
23487,6
23489,4
23490,14
23496,13
23499,6
23501,9
23503,5
23520,7
23522,8
23524,7
23525,12
23526,11
23527,9
23535,15
23538,12
23540,8
23541,8
23542,10
23544,9
23545,9
23548,10
23551,13
23552,4
23557,11
23560,19
23568,8
23569,13
23570,7
23574,13
23581,20
23583,9
23587,10
23588,13
23591,11
23595,9
23597,8
23598,7
23601,11
23602,10
23609,10
23610,10
23613,10
23615,9
23621,9
23623,8
23624,6
23625,13
23628,11
23637,6
23638,10
23642,20
23647,10
23655,12
23658,9
23659,15
23661,6
23662,6
23667,9
23671,8
23672,10
23677,12
23678,15
23681,13
23682,9
23684,13
23685,2
23688,13
23690,7
23693,13
23695,12
23697,11
23701,9
23703,9
23706,10
23717,13
23722,12
23729,11
23737,12
23738,11
23747,8
23748,11
23755,17
23764,4
23770,12
23773,12
23778,14
23780,8
23785,11
23789,9
23790,7
23791,8
23794,6
23800,14
23803,13
23806,14
23807,6
23813,6
23821,12
23823,4
23826,8
23827,9
23828,9
23840,8
23846,6
23847,13
23849,15
23852,9
23853,13
23864,11
23868,7
23872,11
23873,11
23874,15
23876,17
23877,10
23886,9
23895,10
23899,8
23900,12
23901,5
23908,8
23911,9
23916,13
23919,5
23922,8
23925,11
23927,13
23928,10
23933,7
23937,17
23945,7
23952,15
23955,14
23957,7
23958,8
23961,11
23963,5
23964,6
23965,14
23966,8
23967,8
23975,10
23979,12
23984,16
24002,6
24003,7
24004,11
24005,13
24012,15
24017,17
24029,7
24031,7
24038,5
24044,10
24049,8
24050,10
24053,12
24062,16
24064,8
24079,8
24082,10
24087,10
24093,10
24094,9
24095,14
24096,5
24105,6
24111,7
24113,11
24114,12
24115,16
24116,9
24130,8
24133,10
24134,7
24136,11
24138,6
24142,6
24145,12
24152,6
24154,11
24156,16
24158,14
24161,10
24163,8
24168,10
24169,14
24177,3
24179,9
24181,11
24189,10
24191,3
24197,15
24201,9
24204,13
24205,7
24209,6
24210,13
24212,10
24214,13
24219,17
24221,12
24224,5
24225,8
24232,9
24236,10
24238,9
24239,9
24240,12
24243,8
24244,11
24248,9
24250,14
24251,11
24252,10
24255,8
24258,7
24261,11
24263,9
24270,10
24271,10
24272,16
24273,10
24274,12
24278,11
24280,12
24282,7
24288,11
24290,11
24292,10
24296,9
24308,7
24309,12
24311,9
24312,8
24314,10
24321,9
24324,10
24326,9
24331,12
24338,15
24339,8
24344,6
24346,13
24347,6
24348,8
24349,8
24353,11
24356,10
24358,5
24359,10
24366,11
24367,11
24369,10
24371,12
24378,7
24383,17
24387,9
24402,8
24411,7
24420,9
24421,11
24423,10
24424,8
24427,18
24432,11
24442,6
24445,4
24447,12
24448,7
24454,6
24455,10
24458,9
24459,8
24460,15
24462,8
24463,17
24464,11
24465,4
24466,6
24469,12
24474,7
24478,9
24484,9
24492,11
24498,8
24506,8
24509,6
24511,10
24512,3
24513,12
24515,15
24517,12
24523,9
24527,8
24529,12
24533,12
24534,6
24539,14
24541,5
24542,8
24543,7
24544,12
24545,13
24546,17
24547,9
24563,7
24565,8
24568,12
24570,15
24571,14
24573,11
24578,10
24588,7
24591,7
24598,12
24600,5
24617,13
24619,6
24621,13
24623,15
24626,5
24629,14
24635,7
24638,5
24639,7
24641,15
24642,12
24644,16
24651,11
24653,14
24657,11
24660,7
24664,6
24667,10
24671,8
24676,8
24678,9
24687,8
24688,6
24689,15
24691,14
24692,9
24693,12
24697,11
24704,10
24705,13
24706,8
24708,13
24715,9
24718,9
24719,11
24723,5
24725,16
24726,13
24728,12
24729,12
24736,6
24740,7
24741,11
24742,12
24745,11
24753,7
24755,13
24757,8
24760,14
24766,18
24771,15
24773,5
24775,8
24778,10
24779,7
24781,7
24785,9
24789,8
24797,13
24804,8
24805,7
24808,11
24810,9
24816,8
24819,13
24820,11
24823,7
24824,13
24825,11
24828,9
24829,7
24831,6
24836,8
24839,13
24840,8
24842,12
24844,9
24846,7
24851,9
24854,11
24859,7
24860,3
24869,9
24870,11
24873,5
24877,14
24882,12
24883,12
24887,5
24889,12
24890,17
24894,8
24902,20
24906,8
24908,9
24913,17
24914,13
24918,14
24919,18
24920,3
24921,7
24929,3
24932,7
24935,11
24936,10
24938,13
24939,12
24941,5
24942,11
24946,10
24951,13
24956,12
24963,5
24964,8
24966,13
24968,13
24970,3
24972,12
24973,6
24974,7
24983,13
24986,5
24987,13
24993,11
24995,6
25000,9
25003,18
25005,8
25009,5
25015,13
25019,8
25020,10
25026,15
25030,15
25033,8
25036,10
25038,12
25041,11
25047,10
25050,10
25051,6
25053,9
25058,9
25063,8
25068,8
25090,10
25091,12
25092,10
25097,12
25099,14
25105,8
25106,8
25116,12
25120,8
25123,3
25124,15
25125,11
25128,9
25130,10
25132,9
25134,12
25137,7
25139,9
25145,8
25146,10
25154,11
25159,4
25163,11
25170,6
25172,14
25173,10
25177,8
25185,7
25187,6
25197,8
25212,6
25214,7
25222,9
25223,6
25227,12
25228,12
25229,7
25231,9
25234,5
25237,10
25238,6
25243,9
25245,11
25250,9
25251,11
25252,8
25253,15
25259,12
25260,10
25262,7
25263,12
25265,12
25267,12
25268,12
25273,11
25277,12
25280,11
25281,8
25283,11
25286,10
25294,21
25297,14
25302,8
25305,9
25309,9
25310,20
25311,8
25313,8
25314,7
25316,11
25317,17
25318,9
25321,11
25323,6
25338,5
25339,10
25342,6
25345,15
25346,3
25354,12
25364,10
25374,8
25376,11
25377,9
25378,6
25383,7
25386,8
25390,16
25392,7
25396,10
25397,10
25398,6
25399,13
25400,5
25406,9
25407,11
25408,12
25410,7
25411,15
25413,10
25421,12
25427,18
25429,13
25430,13
25431,12
25432,11
25443,8
25445,12
25449,14
25453,10
25454,7
25456,10
25457,9
25464,12
25466,3
25470,12
25471,7
25474,11
25475,10
25476,7
25477,11
25482,8
25485,10
25489,7
25492,13
25493,17
25494,12
25499,10
25505,5
25511,14
25516,9
25523,9
25524,13
25525,12
25529,17
25530,11
25538,12
25541,7
25542,13
25543,11
25545,13
25547,11
25549,14
25551,7
25560,10
25562,11
25564,8
25565,9
25567,11
25571,9
25575,14
25580,10
25583,18
25588,7
25589,7
25592,6
25593,13
25595,8
25597,12
25600,10
25601,10
25603,9
25604,7
25606,13
25607,8
25608,12
25609,13
25611,14
25612,7
25614,9
25618,10
25630,8
25635,8
25636,15
25641,11
25642,13
25644,12
25648,13
25650,9
25652,12
25656,11
25657,11
25658,7
25661,8
25666,7
25670,15
25672,5
25676,10
25677,16
25681,5
25686,14
25687,9
25688,5
25695,10
25698,7
25701,10
25703,8
25708,11
25709,12
25712,12
25713,10
25735,8
25738,15
25740,10
25743,12
25744,9
25747,10
25748,6
25749,15
25752,7
25753,14
25756,4
25761,10
25768,12
25770,14
25771,3
25773,7
25778,11
25779,12
25780,8
25786,12
25788,11
25794,15
25797,7
25805,9
25813,8
25816,13
25821,7
25824,11
25828,16
25830,11
25834,9
25837,13
25839,9
25841,10
25843,10
25850,8
25855,11
25857,13
25858,4
25863,12
25865,9
25869,13
25870,12
25874,11
25880,10
25881,5
25886,10
25887,8
25888,8
25889,5
25894,12
25896,11
25915,9
25922,8
25923,9
25924,8
25927,12
25932,13
25935,6
25937,10
25943,8
25948,9
25950,13
25957,9
25963,14
25966,14
25971,4
25972,13
25975,7
25977,8
25979,8
25983,12
25995,4
25996,6
25998,11
25999,10
26000,10
26005,9
26010,10
26014,9
26015,11
26025,10
26026,6
26028,11
26032,6
26034,13
26035,13
26041,8
26042,14
26044,8
26047,13
26048,8
26051,8
26052,5
26064,16
26066,8
26072,15
26078,7
26088,7
26089,7
26091,11
26092,9
26103,9
26106,12
26109,10
26111,6
26117,16
26118,12
26120,7
26121,10
26127,12
26128,12
26129,15
26134,12
26135,13
26142,8
26146,7
26152,8
26153,8
26157,7
26159,6
26162,11
26168,13
26173,8
26174,7
26176,5
26181,10
26182,10
26187,7
26197,4
26204,15
26205,11
26208,11
26209,6
26213,11
26217,12
26219,9
26221,9
26226,10
26227,6
26228,11
26229,9
26234,12
26239,13
26240,5
26253,9
26255,5
26256,11
26257,7
26262,10
26263,9
26265,10
26267,5
26270,10
26271,8
26273,8
26279,10
26285,10
26291,7
26292,10
26295,12
26296,14
26302,9
26305,12
26313,13
26315,6
26319,13
26324,10
26325,19
26327,11
26330,10
26333,8
26337,8
26340,12
26341,11
26342,13
26343,10
26344,6
26345,9
26351,13
26353,5
26354,7
26355,13
26356,14
26357,8
26358,16
26361,14
26362,10
26366,8
26373,6
26374,20
26376,9
26391,13
26392,11
26395,3
26397,16
26398,9
26402,9
26404,11
26405,9
26411,9
26417,10
26419,5
26427,13
26428,9
26438,25
26439,16
26444,9
26448,9
26450,14
26451,12
26453,13
26458,10
26460,14
26461,11
26462,7
26466,16
26467,12
26469,10
26473,7
26476,7
26479,11
26480,7
26484,11
26486,8
26488,4
26489,16
26490,9
26491,4
26492,16
26495,11
26498,16
26499,15
26501,15
26502,11
26505,11
26509,10
26514,11
26516,8
26519,11
26520,10
26525,11
26528,10
26529,16
26533,8
26539,8
26540,11
26548,6
26550,11
26553,13
26555,10
26559,10
26562,9
26567,11
26571,15
26576,8
26586,13
26590,7
26593,13
26596,11
26597,10
26599,10
26600,13
26603,11
26606,10
26607,8
26611,8
26613,8
26617,7
26619,6
26620,10
26623,5
26626,17
26628,9
26629,13
26630,12
26632,10
26639,12
26644,7
26646,8
26647,6
26648,7
26649,9
26652,12
26653,11
26662,11
26669,6
26672,13
26673,9
26677,4
26691,12
26697,12
26703,8
26709,7
26710,11
26711,6
26712,8
26717,6
26718,11
26722,11
26723,5
26724,5
26729,11
26730,14
26731,13
26735,5
26741,6
26742,10
26745,4
26747,8
26751,5
26752,7
26754,7
26755,11
26759,8
26760,9
26768,14
26771,7
26773,5
26775,9
26776,15
26777,11
26784,10
26786,6
26789,15
26792,10
26795,10
26801,11
26804,11
26805,11
26808,10
26818,12
26820,9
26823,7
26826,13
26828,6
26830,14
26831,8
26839,11
26841,9
26843,7
26844,9
26845,12
26848,12
26854,13
26855,9
26858,16
26860,8
26861,9
26862,9
26865,11
26866,12
26868,8
26872,6
26874,5
26877,9
26879,12
26880,14
26889,6
26891,7
26892,8
26895,14
26897,8
26900,12
26903,8
26906,12
26907,7
26911,6
26914,9
26924,15
26931,6
26932,13
26937,12
26938,8
26943,15
26944,7
26946,10
26948,10
26950,12
26952,11
26953,11
26961,9
26964,9
26966,4
26971,10
26976,15
26986,8
26988,7
26989,9
26999,11
27001,9
27003,9
27004,10
27007,18
27014,10
27015,6
27018,12
27020,10
27024,8
27041,11
27042,5
27043,8
27047,11
27056,14
27062,17
27068,8
27070,12
27072,13
27079,5
27082,17
27086,8
27087,12
27090,8
27097,7
27102,15
27108,12
27109,7
27112,11
27117,14
27120,18
27124,10
27125,3
27129,13
27133,10
27138,7
27139,13
27140,8
27142,9
27147,9
27148,13
27150,14
27151,16
27158,13
27159,13
27161,8
27166,11
27173,8
27174,10
27177,16
27178,9
27180,10
27181,13
27182,8
27183,10
27184,6
27192,10
27196,11
27198,9
27200,9
27202,11
27211,10
27213,12
27217,12
27224,11
27226,12
27229,11
27232,11
27236,16
27237,6
27240,9
27241,8
27244,4
27246,13
27248,8
27252,7
27256,7
27261,13
27266,6
27267,13
27274,12
27275,9
27277,13
27279,10
27287,5
27290,8
27294,11
27295,12
27296,7
27299,13
27304,9
27306,6
27307,13
27308,10
27309,12
27312,8
27315,5
27318,8
27337,10
27346,10
27352,9
27353,10
27354,9
27360,8
27361,11
27366,14
27367,8
27369,10
27371,6
27375,13
27376,8
27380,7
27383,10
27385,16
27389,10
27391,4
27392,7
27393,14
27400,14
27405,14
27406,10
27407,10
27414,6
27415,7
27418,9
27422,12
27425,22
27427,12
27431,6
27432,12
27437,10
27441,9
27442,11
27446,4
27448,13
27463,6
27466,11
27471,11
27472,12
27482,12
27483,6
27491,9
27492,13
27495,12
27496,8
27498,11
27499,12
27503,12
27504,4
27510,17
27513,8
27519,6
27520,14
27523,6
27525,9
27528,12
27532,7
27537,11
27539,4
27540,7
27541,9
27543,9
27544,17
27548,11
27549,11
27550,5
27553,11
27554,8
27557,8
27558,7
27562,10
27567,14
27569,9
27572,12
27573,9
27575,11
27581,8
27583,7
27585,4
27587,6
27593,7
27597,14
27601,7
27604,15
27606,10
27609,8
27612,6
27613,11
27614,6
27616,8
27621,17
27622,6
27625,12
27628,18
27629,5
27632,12
27639,9
27642,11
27644,14
27647,9
27648,13
27651,12
27652,13
27654,8
27655,8
27661,11
27665,15
27666,5
27671,8
27672,6
27673,8
27688,4
27689,12
27692,13
27699,4
27700,7
27706,6
27717,12
27722,11
27727,12
27730,11
27731,14
27735,9
27736,9
27737,10
27738,8
27743,11
27744,11
27747,15
27751,10
27755,10
27756,9
27766,10
27767,15
27768,9
27769,12
27774,8
27775,2
27782,10
27784,7
27785,11
27788,10
27793,12
27794,7
27799,9
27804,12
27805,9
27810,8
27815,9
27816,9
27817,9
27819,9
27821,8
27822,11
27823,9
27829,7
27830,10
27831,4
27836,17
27838,13
27839,14
27843,15
27844,10
27846,7
27847,23
27851,9
27853,11
27854,12
27857,7
27860,3
27861,6
27862,8
27863,12
27867,6
27868,16
27871,14
27875,11
27876,12
27878,6
27881,13
27882,9
27883,7
27889,10
27892,4
27894,17
27898,5
27909,12
27912,15
27915,9
27922,8
27925,9
27926,13
27927,11
27930,7
27933,7
27940,5
27941,11
27945,13
27949,11
27953,6
27954,12
27956,12
27961,12
27962,6
27968,4
27972,7
27976,7
27986,17
27994,15
27995,11
27996,13
27998,9
28014,15
28016,7
28017,4
28022,5
28028,7
28030,7
28037,17
28039,7
28045,6
28047,8
28051,11
28054,12
28056,5
28059,9
28064,15
28065,9
28066,10
28069,5
28076,11
28078,6
28083,7
28084,7
28085,9
28089,12
28093,13
28095,7
28097,8
28098,5
28099,5
28100,10
28103,15
28111,12
28115,11
28127,9
28128,7
28131,9
28134,13
28137,6
28139,9
28148,10
28152,5
28154,7
28155,10
28157,12
28158,7
28160,10
28165,9
28166,7
28176,11
28180,11
28181,5
28182,6
28183,11
28190,4
28191,12
28193,8
28194,4
28196,9
28198,16
28199,13
28202,11
28206,6
28208,8
28209,8
28212,9
28213,5
28214,10
28215,17
28220,11
28224,8
28229,9
28234,9
28236,9
28244,13
28246,5
28247,5
28255,14
28259,13
28264,14
28267,14
28268,9
28270,16
28272,8
28274,7
28276,13
28280,9
28286,15
28289,10
28297,8
28302,7
28304,13
28305,6
28306,5
28307,5
28312,12
28316,10
28318,12
28322,4
28323,7
28332,5
28337,5
28338,9
28342,11
28343,5
28344,8
28365,11
28369,10
28377,8
28378,9
28380,12
28382,9
28383,7
28385,6
28386,14
28399,12
28400,4
28402,8
28405,6
28408,4
28409,8
28410,13
28418,12
28419,7
28421,10
28422,14
28426,9
28427,10
28433,12
28440,7
28448,12
28450,11
28455,9
28457,9
28458,3
28460,12
28469,8
28472,16
28474,13
28477,11
28480,10
28481,11
28491,12
28492,7
28495,14
28496,7
28503,14
28510,5
28513,14
28519,8
28520,8
28534,7
28541,13
28543,8
28546,4
28549,12
28550,6
28551,7
28556,10
28558,14
28560,9
28569,17
28573,15
28576,11
28580,6
28582,8
28586,11
28594,11
28598,10
28601,14
28610,8
28611,11
28616,5
28619,8
28625,8
28626,4
28627,5
28630,3
28632,12
28634,6
28645,8
28647,14
28649,8
28653,4
28656,10
28658,8
28661,10
28667,6
28669,12
28671,10
28672,13
28675,9
28676,16
28677,10
28679,11
28680,8
28682,6
28683,10
28694,13
28701,12
28704,18
28709,6
28715,4
28718,9
28719,7
28725,16
28726,8
28727,11
28728,6
28731,15
28733,12
28734,8
28735,11
28739,9
28740,9
28746,7
28747,8
28753,9
28754,8
28771,9
28772,11
28778,12
28783,10
28784,10
28785,5
28786,10
28792,10
28797,13
28800,14
28810,11
28813,12
28815,11
28822,9
28823,9
28827,11
28830,11
28831,9
28835,9
28836,8
28840,12
28845,10
28846,19
28850,8
28852,11
28853,7
28857,12
28863,12
28864,18
28867,13
28868,16
28869,8
28870,8
28872,17
28874,9
28875,10
28876,9
28878,8
28880,12
28887,13
28888,6
28892,12
28894,8
28895,12
28896,10
28901,10
28903,8
28905,10
28906,8
28907,15
28908,16
28909,14
28911,10
28913,10
28919,12
28920,14
28922,11
28925,9
28928,9
28932,11
28935,4
28936,14
28937,9
28938,9
28940,13
28948,10
28949,9
28952,14
28955,9
28961,15
28963,9
28977,14
28978,13
28985,10
28992,6
28996,13
29005,9
29006,7
29008,6
29019,7
29022,11
29023,8
29024,7
29031,10
29035,5
29036,13
29037,9
29040,14
29046,10
29048,7
29050,10
29054,13
29056,12
29057,6
29058,8
29061,9
29064,10
29065,7
29066,4
29067,8
29068,5
29069,7
29078,11
29084,7
29086,9
29088,7
29089,5
29092,13
29099,10
29102,11
29104,10
29108,9
29112,12
29114,8
29116,8
29119,13
29125,17
29127,16
29128,7
29134,13
29139,14
29142,12
29143,10
29146,11
29151,8
29154,7
29158,8
29167,9
29175,7
29176,8
29177,5
29178,7
29179,3
29180,10
29183,13
29186,11
29188,8
29189,14
29196,7
29198,14
29202,13
29205,11
29216,7
29217,13
29222,6
29224,6
29225,14
29230,8
29233,14
29234,4
29235,12
29237,7
29238,8
29241,6
29249,15
29253,13
29259,14
29264,12
29266,11
29271,10
29272,6
29283,7
29285,6
29286,2
29295,8
29296,11
29297,10
29298,12
29309,9
29310,11
29312,15
29314,9
29322,9
29334,8
29343,6
29347,7
29349,20
29352,11
29355,8
29357,11
29359,9
29365,12
29367,4
29368,10
29373,6
29374,15
29380,8
29383,7
29386,12
29391,12
29392,5
29395,11
29398,11
29401,9
29402,13
29403,13
29405,8
29406,8
29407,11
29409,13
29410,11
29415,9
29417,12
29420,15
29434,8
29435,7
29439,5
29440,9
29442,6
29446,13
29447,8
29449,8
29451,18
29459,6
29461,9
29482,18
29483,12
29485,7
29488,11
29490,5
29492,8
29496,12
29497,11
29500,11
29506,11
29507,7
29508,8
29516,13
29518,11
29521,14
29525,18
29528,8
29541,10
29547,8
29550,19
29553,15
29556,14
29557,5
29566,14
29572,10
29578,12
29583,11
29586,9
29587,7
29588,10
29591,14
29594,17
29602,6
29603,7
29606,10
29609,11
29614,8
29623,9
29624,10
29627,10
29628,8
29630,9
29631,5
29632,8
29636,6
29642,12
29645,8
29646,8
29649,10
29650,9
29657,8
29659,10
29661,6
29665,9
29666,8
29672,12
29675,11
29678,13
29679,7
29680,13
29684,7
29687,6
29689,11
29696,12
29697,9
29700,13
29703,16
29704,7
29705,6
29706,14
29708,8
29713,9
29715,11
29717,11
29720,8
29724,12
29728,12
29729,7
29732,5
29734,7
29741,11
29749,11
29751,14
29753,9
29756,9
29759,15
29767,10
29770,10
29773,11
29779,13
29787,10
29788,8
29789,8
29791,10
29793,5
29798,17
29803,10
29805,4
29806,13
29811,10
29812,8
29820,14
29824,12
29825,16
29828,3
29833,16
29840,13
29844,6
29846,10
29847,5
29849,16
29856,12
29858,14
29861,11
29865,11
29868,8
29870,11
29872,9
29873,17
29875,8
29876,14
29879,7
29882,15
29883,12
29886,9
29888,9
29890,8
29894,8
29896,9
29903,9
29905,23
29909,14
29914,8
29916,13
29917,5
29919,8
29920,10
29924,10
29925,12
29931,5
29938,13
29940,13
29941,11
29947,9
29954,14
29959,7
29963,14
29965,8
29971,8
29975,11
29978,6
29979,10
29984,11
29987,7
29990,10
29992,13
29994,15
